model,excluded_id,excluded_iso3,term,base_b,b,se,p,obs,countries,sign_change,sig_5
ECI,1,AGO,RENTS,-.0097954691504722,-.0085851634,.0042445161,.048819866,1023,48,0,1
DIVX,1,AGO,RENTS,-.0035361282417884,-.003737177,.0013137928,.0065661427,1023,48,0,1
ECI,2,ALB,RENTS,-.0097954691504722,-.0096989805,.0041878936,.024972297,1021,48,0,1
DIVX,2,ALB,RENTS,-.0035361282417884,-.0035181537,.0012998106,.009442945,1021,48,0,1
ECI,3,ARE,RENTS,-.0097954691504722,-.010221225,.0041537187,.017594375,1021,48,0,1
DIVX,3,ARE,RENTS,-.0035361282417884,-.003630585,.0014132094,.013432856,1021,48,0,1
ECI,4,ATG,RENTS,-.0097954691504722,-.010622417,.0041596103,.013961626,1023,48,0,1
DIVX,4,ATG,RENTS,-.0035361282417884,-.0036360575,.0012844732,.0068122102,1023,48,0,1
ECI,5,AUS,RENTS,-.0097954691504722,-.0093508335,.0043650325,.037387669,1024,48,0,1
DIVX,5,AUS,RENTS,-.0035361282417884,-.0030218407,.0012817577,.022609556,1024,48,0,1
ECI,6,BDI,RENTS,-.0097954691504722,-.0095492648,.0042654639,.029946508,1021,48,0,1
DIVX,6,BDI,RENTS,-.0035361282417884,-.0034192938,.0012832291,.010528495,1021,48,0,1
ECI,7,BHR,RENTS,-.0097954691504722,-.010110219,.0041902983,.019786011,1027,48,0,1
DIVX,7,BHR,RENTS,-.0035361282417884,-.0035439916,.0012983838,.008896823,1027,48,0,1
ECI,8,BOL,RENTS,-.0097954691504722,-.0097741392,.0043016048,.027691551,1021,48,0,1
DIVX,8,BOL,RENTS,-.0035361282417884,-.003539725,.0013159547,.0098638451,1021,48,0,1
ECI,9,BRN,RENTS,-.0097954691504722,-.0066983458,.0033649516,.05235517,1023,48,0,0
DIVX,9,BRN,RENTS,-.0035361282417884,-.0036597345,.0013533721,.0095046265,1023,48,0,1
ECI,10,CAF,RENTS,-.0097954691504722,-.0099699348,.0043388666,.026069237,1023,48,0,1
DIVX,10,CAF,RENTS,-.0035361282417884,-.0033493685,.0012670229,.011115307,1023,48,0,1
ECI,11,CHL,RENTS,-.0097954691504722,-.010328373,.0043961313,.023055932,1021,48,0,1
DIVX,11,CHL,RENTS,-.0035361282417884,-.0032168389,.0013837952,.024461294,1021,48,0,1
ECI,12,CMR,RENTS,-.0097954691504722,-.0093402723,.0042161248,.031616356,1024,48,0,1
DIVX,12,CMR,RENTS,-.0035361282417884,-.0035597624,.0013061218,.0089924317,1024,48,0,1
ECI,13,COD,RENTS,-.0097954691504722,-.0098088738,.0042807525,.026468355,1026,48,0,1
DIVX,13,COD,RENTS,-.0035361282417884,-.0031587314,.0012807996,.017358642,1026,48,0,1
ECI,14,COG,RENTS,-.0097954691504722,-.0089106122,.0041617346,.037483867,1023,48,0,1
DIVX,14,COG,RENTS,-.0035361282417884,-.0034423687,.0013095343,.01154445,1023,48,0,1
ECI,15,COL,RENTS,-.0097954691504722,-.0099178841,.0042802221,.024902036,1021,48,0,1
DIVX,15,COL,RENTS,-.0035361282417884,-.0035591412,.0013035112,.0088762827,1021,48,0,1
ECI,16,DZA,RENTS,-.0097954691504722,-.0095979804,.004042719,.021726366,1021,48,0,1
DIVX,16,DZA,RENTS,-.0035361282417884,-.0034772684,.0012997534,.010241259,1021,48,0,1
ECI,17,ECU,RENTS,-.0097954691504722,-.0096700462,.0041645663,.02461713,1021,48,0,1
DIVX,17,ECU,RENTS,-.0035361282417884,-.0035476042,.0013007285,.0089467252,1021,48,0,1
ECI,18,EGY,RENTS,-.0097954691504722,-.0099999681,.0041949865,.021226224,1021,48,0,1
DIVX,18,EGY,RENTS,-.0035361282417884,-.0035443348,.0012922046,.0085924286,1021,48,0,1
ECI,19,GAB,RENTS,-.0097954691504722,-.010095746,.0042973226,.02306216,1023,48,0,1
DIVX,19,GAB,RENTS,-.0035361282417884,-.003382718,.0013354754,.014706986,1023,48,0,1
ECI,20,GHA,RENTS,-.0097954691504722,-.009381216,.0042534745,.032342777,1021,48,0,1
DIVX,20,GHA,RENTS,-.0035361282417884,-.0035457516,.0013100384,.0094445413,1021,48,0,1
ECI,21,GIN,RENTS,-.0097954691504722,-.010215219,.0042516962,.020279955,1021,48,0,1
DIVX,21,GIN,RENTS,-.0035361282417884,-.0035809348,.0013033387,.0084884232,1021,48,0,1
ECI,22,GMB,RENTS,-.0097954691504722,-.009764432,.0041584484,.023129402,1023,48,0,1
DIVX,22,GMB,RENTS,-.0035361282417884,-.0033844726,.0012766882,.0109039,1023,48,0,1
ECI,23,GUY,RENTS,-.0097954691504722,-.010277786,.0042961598,.020792838,1021,48,0,1
DIVX,23,GUY,RENTS,-.0035361282417884,-.0035433483,.0013136286,.0096734716,1021,48,0,1
ECI,24,IDN,RENTS,-.0097954691504722,-.0096376054,.0043080458,.030059854,1021,48,0,1
DIVX,24,IDN,RENTS,-.0035361282417884,-.0036178774,.0012882442,.0072300602,1021,48,0,1
ECI,25,IND,RENTS,-.0097954691504722,-.0096890228,.0041531068,.02398167,1021,48,0,1
DIVX,25,IND,RENTS,-.0035361282417884,-.0034939589,.0012966356,.009742436,1021,48,0,1
ECI,26,IRN,RENTS,-.0097954691504722,-.010320294,.0042091724,.017982839,1026,48,0,1
DIVX,26,IRN,RENTS,-.0035361282417884,-.0035444314,.0013187372,.0099177817,1026,48,0,1
ECI,27,IRQ,RENTS,-.0097954691504722,-.011117829,.0039134682,.0066305553,1026,48,0,1
DIVX,27,IRQ,RENTS,-.0035361282417884,-.0035931913,.0013101368,.0085980762,1026,48,0,1
ECI,28,ISR,RENTS,-.0097954691504722,-.0099193892,.004203063,.02247625,1021,48,0,1
DIVX,28,ISR,RENTS,-.0035361282417884,-.00354955,.0012983674,.0087971138,1021,48,0,1
ECI,29,JAM,RENTS,-.0097954691504722,-.0093303192,.0042073559,.03145197,1021,48,0,1
DIVX,29,JAM,RENTS,-.0035361282417884,-.0036632756,.0013139896,.007632683,1021,48,0,1
ECI,30,JOR,RENTS,-.0097954691504722,-.009628634,.0041322676,.024145167,1021,48,0,1
DIVX,30,JOR,RENTS,-.0035361282417884,-.0034996276,.0012985907,.0097346464,1021,48,0,1
ECI,31,KWT,RENTS,-.0097954691504722,-.009609702,.0045592911,.040416699,1022,48,0,1
DIVX,31,KWT,RENTS,-.0035361282417884,-.0039549028,.0013670931,.0057671736,1022,48,0,1
ECI,32,LBR,RENTS,-.0097954691504722,-.0097099617,.0042547644,.027052144,1023,48,0,1
DIVX,32,LBR,RENTS,-.0035361282417884,-.0037555441,.0012791745,.0051338891,1023,48,0,1
ECI,34,MNG,RENTS,-.0097954691504722,-.0090707336,.0045151403,.0503048,1023,48,0,0
DIVX,34,MNG,RENTS,-.0035361282417884,-.0039020365,.0013094712,.0045539481,1023,48,0,1
ECI,35,MRT,RENTS,-.0097954691504722,-.0090885395,.0042728339,.038693588,1029,48,0,1
DIVX,35,MRT,RENTS,-.0035361282417884,-.0035868909,.0013388665,.01014332,1029,48,0,1
ECI,36,NGA,RENTS,-.0097954691504722,-.0099903736,.0041853078,.02106165,1021,48,0,1
DIVX,36,NGA,RENTS,-.0035361282417884,-.0035036418,.0012991974,.0096885441,1021,48,0,1
ECI,37,NOR,RENTS,-.0097954691504722,-.01011818,.0042693648,.021946812,1021,48,0,1
DIVX,37,NOR,RENTS,-.0035361282417884,-.0034694667,.0013201259,.011561083,1021,48,0,1
ECI,39,OMN,RENTS,-.0097954691504722,-.010610646,.0041850237,.014618327,1023,48,0,1
DIVX,39,OMN,RENTS,-.0035361282417884,-.0030455508,.0013097756,.024426581,1023,48,0,1
ECI,40,PER,RENTS,-.0097954691504722,-.0095530655,.0041822279,.026920766,1021,48,0,1
DIVX,40,PER,RENTS,-.0035361282417884,-.0034868892,.001319735,.011154745,1021,48,0,1
ECI,42,QAT,RENTS,-.0097954691504722,-.011810338,.0042503709,.0078211315,1021,48,0,1
DIVX,42,QAT,RENTS,-.0035361282417884,-.0040098908,.001366077,.0051419735,1021,48,0,1
ECI,43,RUS,RENTS,-.0097954691504722,-.0095272865,.004129291,.025493946,1024,48,0,1
DIVX,43,RUS,RENTS,-.0035361282417884,-.0035651224,.0012851396,.0079154251,1024,48,0,1
ECI,44,SAU,RENTS,-.0097954691504722,-.010244386,.004313522,.021684144,1025,48,0,1
DIVX,44,SAU,RENTS,-.0035361282417884,-.0030087109,.0012601081,.021028548,1025,48,0,1
ECI,46,SUR,RENTS,-.0097954691504722,-.010516586,.0045298706,.024638986,1028,48,0,1
DIVX,46,SUR,RENTS,-.0035361282417884,-.0041427827,.0012279729,.0014937711,1028,48,0,1
ECI,47,SYC,RENTS,-.0097954691504722,-.0084931469,.0042344779,.050662667,1024,48,0,0
DIVX,47,SYC,RENTS,-.0035361282417884,-.0036962838,.0012882829,.006147929,1024,48,0,1
ECI,48,SYR,RENTS,-.0097954691504722,-.009767672,.004196831,.024302028,1031,48,0,1
DIVX,48,SYR,RENTS,-.0035361282417884,-.0035522722,.0012962937,.0086494833,1031,48,0,1
ECI,49,TGO,RENTS,-.0097954691504722,-.0098072542,.0041848603,.023384754,1021,48,0,1
DIVX,49,TGO,RENTS,-.0035361282417884,-.0035053485,.0012983893,.0096136266,1021,48,0,1
ECI,50,TTO,RENTS,-.0097954691504722,-.0096784653,.0042579235,.027636914,1021,48,0,1
DIVX,50,TTO,RENTS,-.0035361282417884,-.00360843,.0013205122,.0088260612,1021,48,0,1
ECI,52,VNM,RENTS,-.0097954691504722,-.010293656,.0039131525,.011490543,1021,48,0,1
DIVX,52,VNM,RENTS,-.0035361282417884,-.0035754256,.0012990925,.0083836187,1021,48,0,1
ECI,54,ZAF,RENTS,-.0097954691504722,-.0098224161,.0041915998,.023393201,1021,48,0,1
DIVX,54,ZAF,RENTS,-.0035361282417884,-.0034824878,.0013162057,.011048266,1021,48,0,1
ECI,55,ZMB,RENTS,-.0097954691504722,-.0097778095,.0042818873,.026963739,1021,48,0,1
DIVX,55,ZMB,RENTS,-.0035361282417884,-.0034999056,.0013311583,.01152908,1021,48,0,1
