model,excluded_country_id,excluded_country_iso3,term,base_coefficient,coefficient,standard_error,p_value,observations,countries
DIVX,1,AGO,c.rents_mining#c.inst,-.0008969832927308,-.00090437831,.0022465833,.68909919,1023,48
DIVX,2,ALB,c.rents_mining#c.inst,-.0008969832927308,-.00085102156,.0022550293,.7075839,1021,48
DIVX,3,ARE,c.rents_mining#c.inst,-.0008969832927308,-.00087879988,.0022546728,.69846863,1021,48
DIVX,4,ATG,c.rents_mining#c.inst,-.0008969832927308,-.001197862,.0022755228,.60107768,1023,48
DIVX,5,AUS,c.rents_mining#c.inst,-.0008969832927308,.0002822105,.0027630879,.9190833,1024,48
DIVX,6,BDI,c.rents_mining#c.inst,-.0008969832927308,-.00088783319,.0023155236,.70313245,1021,48
DIVX,7,BHR,c.rents_mining#c.inst,-.0008969832927308,-.00090657378,.0022684576,.6912297,1027,48
DIVX,8,BOL,c.rents_mining#c.inst,-.0008969832927308,-.0010221216,.0022773249,.65562016,1021,48
DIVX,9,BRN,c.rents_mining#c.inst,-.0008969832927308,-.00083941431,.0022273709,.70797139,1023,48
DIVX,10,CAF,c.rents_mining#c.inst,-.0008969832927308,-.00090580044,.0022046538,.68304366,1023,48
DIVX,11,CHL,c.rents_mining#c.inst,-.0008969832927308,.0016386471,.0037881299,.66730267,1021,48
DIVX,12,CMR,c.rents_mining#c.inst,-.0008969832927308,-.00090316992,.0022743233,.69307965,1024,48
DIVX,13,COD,c.rents_mining#c.inst,-.0008969832927308,-.0028819155,.0016191407,.081557289,1026,48
DIVX,14,COG,c.rents_mining#c.inst,-.0008969832927308,-.0010044751,.002244168,.65650278,1023,48
DIVX,15,COL,c.rents_mining#c.inst,-.0008969832927308,-.00091967295,.0022418282,.6834988,1021,48
DIVX,16,DZA,c.rents_mining#c.inst,-.0008969832927308,-.00093478622,.0022635816,.68150824,1021,48
DIVX,17,ECU,c.rents_mining#c.inst,-.0008969832927308,-.0009355853,.0022581366,.68052655,1021,48
DIVX,18,EGY,c.rents_mining#c.inst,-.0008969832927308,-.0008545171,.0022601699,.70707601,1021,48
DIVX,19,GAB,c.rents_mining#c.inst,-.0008969832927308,-.00089083397,.0022730883,.69690007,1023,48
DIVX,20,GHA,c.rents_mining#c.inst,-.0008969832927308,-.00097404432,.0022850779,.67186219,1021,48
DIVX,21,GIN,c.rents_mining#c.inst,-.0008969832927308,-.00040063637,.0023309384,.86427158,1021,48
DIVX,22,GMB,c.rents_mining#c.inst,-.0008969832927308,-.00093915453,.0022384254,.67671829,1023,48
DIVX,23,GUY,c.rents_mining#c.inst,-.0008969832927308,-.00092796492,.0022263436,.6787141,1021,48
DIVX,24,IDN,c.rents_mining#c.inst,-.0008969832927308,-.00088771235,.0022774187,.69845349,1021,48
DIVX,25,IND,c.rents_mining#c.inst,-.0008969832927308,-.00087134197,.0022459889,.69980115,1021,48
DIVX,26,IRN,c.rents_mining#c.inst,-.0008969832927308,-.0010044839,.0022379076,.65560293,1026,48
DIVX,27,IRQ,c.rents_mining#c.inst,-.0008969832927308,-.00093358714,.0022458464,.67952508,1026,48
DIVX,28,ISR,c.rents_mining#c.inst,-.0008969832927308,-.00087635271,.0022404415,.69745266,1021,48
DIVX,29,JAM,c.rents_mining#c.inst,-.0008969832927308,-.00079394481,.0023090011,.73249435,1021,48
DIVX,30,JOR,c.rents_mining#c.inst,-.0008969832927308,-.00081831741,.002307337,.72443163,1021,48
DIVX,31,KWT,c.rents_mining#c.inst,-.0008969832927308,-.00092152599,.0022706881,.68670517,1022,48
DIVX,32,LBR,c.rents_mining#c.inst,-.0008969832927308,-.00073551544,.002107189,.72861034,1023,48
DIVX,34,MNG,c.rents_mining#c.inst,-.0008969832927308,-.0010152404,.0022238051,.65010959,1023,48
DIVX,35,MRT,c.rents_mining#c.inst,-.0008969832927308,-.00095166918,.0023921279,.69255406,1029,48
DIVX,36,NGA,c.rents_mining#c.inst,-.0008969832927308,-.00088310055,.0022515967,.69667542,1021,48
DIVX,37,NOR,c.rents_mining#c.inst,-.0008969832927308,-.00090144144,.0022822618,.6946466,1021,48
DIVX,39,OMN,c.rents_mining#c.inst,-.0008969832927308,-.00090770342,.0022763463,.69187999,1023,48
DIVX,40,PER,c.rents_mining#c.inst,-.0008969832927308,-.00084642495,.0022975632,.71422833,1021,48
DIVX,42,QAT,c.rents_mining#c.inst,-.0008969832927308,-.0011077659,.0022378534,.62289745,1021,48
DIVX,43,RUS,c.rents_mining#c.inst,-.0008969832927308,-.00089470972,.0022529766,.69307417,1024,48
DIVX,44,SAU,c.rents_mining#c.inst,-.0008969832927308,-.00088891725,.0022528342,.69493973,1025,48
DIVX,46,SUR,c.rents_mining#c.inst,-.0008969832927308,-.0019905053,.0015663846,.21006663,1028,48
DIVX,47,SYC,c.rents_mining#c.inst,-.0008969832927308,-.00094963284,.0022580763,.67600077,1024,48
DIVX,48,SYR,c.rents_mining#c.inst,-.0008969832927308,-.00090448081,.0022579483,.69054717,1031,48
DIVX,49,TGO,c.rents_mining#c.inst,-.0008969832927308,-.0011026345,.0023199124,.6367808,1021,48
DIVX,50,TTO,c.rents_mining#c.inst,-.0008969832927308,-.00090771198,.0022716799,.69127792,1021,48
DIVX,52,VNM,c.rents_mining#c.inst,-.0008969832927308,-.00080454303,.0022731947,.72497708,1021,48
DIVX,54,ZAF,c.rents_mining#c.inst,-.0008969832927308,-.00079890533,.0023316338,.73339885,1021,48
DIVX,55,ZMB,c.rents_mining#c.inst,-.0008969832927308,-.00062482391,.0022584153,.78325063,1021,48
DIVX,1,AGO,c.rents_oil_gas#c.inst,.0012093830587751,.0016911873,.0014082476,.23580112,1023,48
DIVX,2,ALB,c.rents_oil_gas#c.inst,.0012093830587751,.0012319819,.0013141549,.35330904,1021,48
DIVX,3,ARE,c.rents_oil_gas#c.inst,.0012093830587751,.0010809937,.0014432733,.45759699,1021,48
DIVX,4,ATG,c.rents_oil_gas#c.inst,.0012093830587751,.0010929921,.0012701327,.39386347,1023,48
DIVX,5,AUS,c.rents_oil_gas#c.inst,.0012093830587751,.0014044741,.0012965476,.28422728,1024,48
DIVX,6,BDI,c.rents_oil_gas#c.inst,.0012093830587751,.0011219828,.001303632,.39379513,1021,48
DIVX,7,BHR,c.rents_oil_gas#c.inst,.0012093830587751,.0012109829,.001302659,.35731614,1027,48
DIVX,8,BOL,c.rents_oil_gas#c.inst,.0012093830587751,.0011249802,.0013309491,.40225568,1021,48
DIVX,9,BRN,c.rents_oil_gas#c.inst,.0012093830587751,.0011255789,.0013887341,.42173392,1023,48
DIVX,10,CAF,c.rents_oil_gas#c.inst,.0012093830587751,.0013404766,.0012891714,.30375391,1023,48
DIVX,11,CHL,c.rents_oil_gas#c.inst,.0012093830587751,.0011690556,.0013112929,.37718704,1021,48
DIVX,12,CMR,c.rents_oil_gas#c.inst,.0012093830587751,.0011682868,.0012980624,.37269622,1024,48
DIVX,13,COD,c.rents_oil_gas#c.inst,.0012093830587751,.0014683492,.0012601682,.2498174,1026,48
DIVX,14,COG,c.rents_oil_gas#c.inst,.0012093830587751,.00060062157,.0012273082,.6268481,1023,48
DIVX,15,COL,c.rents_oil_gas#c.inst,.0012093830587751,.001185131,.0013226005,.3747867,1021,48
DIVX,16,DZA,c.rents_oil_gas#c.inst,.0012093830587751,.0011875603,.0013100657,.36930117,1021,48
DIVX,17,ECU,c.rents_oil_gas#c.inst,.0012093830587751,.0011979674,.0013066987,.36393347,1021,48
DIVX,18,EGY,c.rents_oil_gas#c.inst,.0012093830587751,.0011985196,.0013012914,.36174184,1021,48
DIVX,19,GAB,c.rents_oil_gas#c.inst,.0012093830587751,.001198273,.001306394,.36370131,1023,48
DIVX,20,GHA,c.rents_oil_gas#c.inst,.0012093830587751,.0012176175,.0012999768,.35372904,1021,48
DIVX,21,GIN,c.rents_oil_gas#c.inst,.0012093830587751,.00103434,.0012992712,.42998105,1021,48
DIVX,22,GMB,c.rents_oil_gas#c.inst,.0012093830587751,.0013005526,.0012944336,.32017311,1023,48
DIVX,23,GUY,c.rents_oil_gas#c.inst,.0012093830587751,.0013934628,.0012828453,.2829178,1021,48
DIVX,24,IDN,c.rents_oil_gas#c.inst,.0012093830587751,.001153418,.0013123757,.38393873,1021,48
DIVX,25,IND,c.rents_oil_gas#c.inst,.0012093830587751,.0013234814,.0013015454,.31442907,1021,48
DIVX,26,IRN,c.rents_oil_gas#c.inst,.0012093830587751,.0011139975,.001296875,.39470816,1026,48
DIVX,27,IRQ,c.rents_oil_gas#c.inst,.0012093830587751,.0019485761,.001437509,.18172948,1026,48
DIVX,28,ISR,c.rents_oil_gas#c.inst,.0012093830587751,.0012454408,.0012990789,.34261054,1021,48
DIVX,29,JAM,c.rents_oil_gas#c.inst,.0012093830587751,.0012031111,.0013025199,.36037114,1021,48
DIVX,30,JOR,c.rents_oil_gas#c.inst,.0012093830587751,.0012024681,.0012980058,.35897273,1021,48
DIVX,31,KWT,c.rents_oil_gas#c.inst,.0012093830587751,.00054228504,.0012425897,.66453379,1022,48
DIVX,32,LBR,c.rents_oil_gas#c.inst,.0012093830587751,.0013967234,.0012856442,.28284281,1023,48
DIVX,34,MNG,c.rents_oil_gas#c.inst,.0012093830587751,.0012138073,.001289536,.35137728,1023,48
DIVX,35,MRT,c.rents_oil_gas#c.inst,.0012093830587751,.0012084858,.0013024687,.35822991,1029,48
DIVX,36,NGA,c.rents_oil_gas#c.inst,.0012093830587751,.0011105452,.0013346316,.40956128,1021,48
DIVX,37,NOR,c.rents_oil_gas#c.inst,.0012093830587751,.001309353,.0013711533,.34449992,1021,48
DIVX,39,OMN,c.rents_oil_gas#c.inst,.0012093830587751,.0016952823,.0013109765,.20228125,1023,48
DIVX,40,PER,c.rents_oil_gas#c.inst,.0012093830587751,.0012210606,.0013093586,.3558113,1021,48
DIVX,42,QAT,c.rents_oil_gas#c.inst,.0012093830587751,.00081791665,.0014373437,.57203346,1021,48
DIVX,43,RUS,c.rents_oil_gas#c.inst,.0012093830587751,.001169457,.0012943951,.37088001,1024,48
DIVX,44,SAU,c.rents_oil_gas#c.inst,.0012093830587751,.0015282583,.0012760661,.23706526,1025,48
DIVX,46,SUR,c.rents_oil_gas#c.inst,.0012093830587751,.0010358526,.0013404714,.4435378,1028,48
DIVX,47,SYC,c.rents_oil_gas#c.inst,.0012093830587751,.00066720456,.0012708516,.60204703,1024,48
DIVX,48,SYR,c.rents_oil_gas#c.inst,.0012093830587751,.0012107164,.0013073467,.35913199,1031,48
DIVX,49,TGO,c.rents_oil_gas#c.inst,.0012093830587751,.0012242057,.0012997965,.35108852,1021,48
DIVX,50,TTO,c.rents_oil_gas#c.inst,.0012093830587751,.0011708504,.0013203943,.37973237,1021,48
DIVX,52,VNM,c.rents_oil_gas#c.inst,.0012093830587751,.0011878199,.0013102853,.36927697,1021,48
DIVX,54,ZAF,c.rents_oil_gas#c.inst,.0012093830587751,.0012556904,.0013045787,.34071186,1021,48
DIVX,55,ZMB,c.rents_oil_gas#c.inst,.0012093830587751,.0012289702,.0012902382,.34570941,1021,48
DIVX,1,AGO,rents_mining,-.0014128563697214,-.0014745814,.0018781803,.43632787,1023,48
DIVX,2,ALB,rents_mining,-.0014128563697214,-.001375496,.001886407,.46952087,1021,48
DIVX,3,ARE,rents_mining,-.0014128563697214,-.0014545097,.00189822,.44735953,1021,48
DIVX,4,ATG,rents_mining,-.0014128563697214,-.0016125321,.0018989242,.40008482,1023,48
DIVX,5,AUS,rents_mining,-.0014128563697214,-.00057506823,.0022075104,.79561198,1024,48
DIVX,6,BDI,rents_mining,-.0014128563697214,-.0012381433,.0019211569,.52239871,1021,48
DIVX,7,BHR,rents_mining,-.0014128563697214,-.0014426353,.0018983772,.45109117,1027,48
DIVX,8,BOL,rents_mining,-.0014128563697214,-.0013670451,.0018983583,.47501755,1021,48
DIVX,9,BRN,rents_mining,-.0014128563697214,-.0013359538,.0018712252,.47879124,1023,48
DIVX,10,CAF,rents_mining,-.0014128563697214,-.0013091208,.001843562,.48114824,1023,48
DIVX,11,CHL,rents_mining,-.0014128563697214,.00056503824,.0029710615,.84998667,1021,48
DIVX,12,CMR,rents_mining,-.0014128563697214,-.0014634386,.0019107925,.44757685,1024,48
DIVX,13,COD,rents_mining,-.0014128563697214,-.0012483302,.0016190779,.44455808,1026,48
DIVX,14,COG,rents_mining,-.0014128563697214,-.0014169445,.0019123084,.46240363,1023,48
DIVX,15,COL,rents_mining,-.0014128563697214,-.0014480234,.0019148643,.45330212,1021,48
DIVX,16,DZA,rents_mining,-.0014128563697214,-.001432159,.0018990093,.45451453,1021,48
DIVX,17,ECU,rents_mining,-.0014128563697214,-.0014945803,.0018996281,.43536285,1021,48
DIVX,18,EGY,rents_mining,-.0014128563697214,-.0013823912,.0018883169,.46775723,1021,48
DIVX,19,GAB,rents_mining,-.0014128563697214,-.0014655169,.0019002828,.44444257,1023,48
DIVX,20,GHA,rents_mining,-.0014128563697214,-.001510374,.0019245902,.43652228,1021,48
DIVX,21,GIN,rents_mining,-.0014128563697214,-.001307514,.0019963332,.51568776,1021,48
DIVX,22,GMB,rents_mining,-.0014128563697214,-.0014866076,.0018772307,.43238893,1023,48
DIVX,23,GUY,rents_mining,-.0014128563697214,-.0016652759,.0019160712,.38920391,1021,48
DIVX,24,IDN,rents_mining,-.0014128563697214,-.0015025714,.0018982833,.43260428,1021,48
DIVX,25,IND,rents_mining,-.0014128563697214,-.0013419734,.0018808402,.47906652,1021,48
DIVX,26,IRN,rents_mining,-.0014128563697214,-.0014827757,.001880709,.43441382,1026,48
DIVX,27,IRQ,rents_mining,-.0014128563697214,-.001551346,.0018740523,.41196576,1026,48
DIVX,28,ISR,rents_mining,-.0014128563697214,-.0014081,.0018768763,.45685208,1021,48
DIVX,29,JAM,rents_mining,-.0014128563697214,-.0013314737,.0019426515,.49646464,1021,48
DIVX,30,JOR,rents_mining,-.0014128563697214,-.0013389725,.0019309397,.49145231,1021,48
DIVX,31,KWT,rents_mining,-.0014128563697214,-.0015191596,.001913515,.43123779,1022,48
DIVX,32,LBR,rents_mining,-.0014128563697214,-.00177692,.0019087805,.35665271,1023,48
DIVX,34,MNG,rents_mining,-.0014128563697214,-.0017802144,.0021954924,.42153907,1023,48
DIVX,35,MRT,rents_mining,-.0014128563697214,-.0011844814,.0019912641,.55480427,1029,48
DIVX,36,NGA,rents_mining,-.0014128563697214,-.0012976326,.0018878047,.49522364,1021,48
DIVX,37,NOR,rents_mining,-.0014128563697214,-.0013964787,.0019164642,.46981615,1021,48
DIVX,39,OMN,rents_mining,-.0014128563697214,-.0013753615,.0019027035,.47335646,1023,48
DIVX,40,PER,rents_mining,-.0014128563697214,-.001308303,.0019465137,.50479412,1021,48
DIVX,42,QAT,rents_mining,-.0014128563697214,-.0015645339,.0018872045,.41128257,1021,48
DIVX,43,RUS,rents_mining,-.0014128563697214,-.0014232952,.0018898117,.45512122,1024,48
DIVX,44,SAU,rents_mining,-.0014128563697214,-.0013548462,.0018869942,.47631636,1025,48
DIVX,46,SUR,rents_mining,-.0014128563697214,-.0029411267,.0011144275,.01124014,1028,48
DIVX,47,SYC,rents_mining,-.0014128563697214,-.0014479707,.0018721116,.44313338,1024,48
DIVX,48,SYR,rents_mining,-.0014128563697214,-.0014265791,.0018918302,.4545666,1031,48
DIVX,49,TGO,rents_mining,-.0014128563697214,-.0013501396,.0018647761,.47264063,1021,48
DIVX,50,TTO,rents_mining,-.0014128563697214,-.0014511816,.0019066423,.45038807,1021,48
DIVX,52,VNM,rents_mining,-.0014128563697214,-.0013326106,.0019009021,.48673388,1021,48
DIVX,54,ZAF,rents_mining,-.0014128563697214,-.00133544,.0019329325,.49303415,1021,48
DIVX,55,ZMB,rents_mining,-.0014128563697214,-.0012778316,.0019538936,.51630402,1021,48
DIVX,1,AGO,rents_oil_gas,-.0048487999837241,-.0053356155,.0013609396,.00028581882,1023,48
DIVX,2,ALB,rents_oil_gas,-.0048487999837241,-.0048396639,.0013948651,.0011268477,1021,48
DIVX,3,ARE,rents_oil_gas,-.0048487999837241,-.0050898143,.0015049905,.0014580849,1021,48
DIVX,4,ATG,rents_oil_gas,-.0048487999837241,-.0049217134,.0013721316,.00079442048,1023,48
DIVX,5,AUS,rents_oil_gas,-.0048487999837241,-.0044848504,.0013608735,.0018736946,1024,48
DIVX,6,BDI,rents_oil_gas,-.0048487999837241,-.0047635431,.0013690576,.001094625,1021,48
DIVX,7,BHR,rents_oil_gas,-.0048487999837241,-.0048667178,.0013871364,.0010042837,1027,48
DIVX,8,BOL,rents_oil_gas,-.0048487999837241,-.0048900782,.0014162794,.0011844056,1021,48
DIVX,9,BRN,rents_oil_gas,-.0048487999837241,-.0051339772,.001479417,.0011247104,1023,48
DIVX,10,CAF,rents_oil_gas,-.0048487999837241,-.00463983,.0013691395,.001428942,1023,48
DIVX,11,CHL,rents_oil_gas,-.0048487999837241,-.0048741642,.0014003589,.0010906735,1021,48
DIVX,12,CMR,rents_oil_gas,-.0048487999837241,-.0048558488,.0013990303,.0011227271,1024,48
DIVX,13,COD,rents_oil_gas,-.0048487999837241,-.0044156993,.0013373276,.0018398555,1026,48
DIVX,14,COG,rents_oil_gas,-.0048487999837241,-.0047227177,.0014309759,.0018480266,1023,48
DIVX,15,COL,rents_oil_gas,-.0048487999837241,-.0048323269,.0013959151,.0011533531,1021,48
DIVX,16,DZA,rents_oil_gas,-.0048487999837241,-.0047709988,.0013930928,.0012862443,1021,48
DIVX,17,ECU,rents_oil_gas,-.0048487999837241,-.0048195366,.0013933452,.001162912,1021,48
DIVX,18,EGY,rents_oil_gas,-.0048487999837241,-.0048799841,.0013811024,.00093241804,1021,48
DIVX,19,GAB,rents_oil_gas,-.0048487999837241,-.0047047613,.001462357,.0023454584,1023,48
DIVX,20,GHA,rents_oil_gas,-.0048487999837241,-.0048185778,.001385871,.0011027615,1021,48
DIVX,21,GIN,rents_oil_gas,-.0048487999837241,-.0048788227,.0013926587,.0010199838,1021,48
DIVX,22,GMB,rents_oil_gas,-.0048487999837241,-.0045925733,.0013568031,.0014458211,1023,48
DIVX,23,GUY,rents_oil_gas,-.0048487999837241,-.0047042649,.0013779445,.0013276174,1021,48
DIVX,24,IDN,rents_oil_gas,-.0048487999837241,-.0048922263,.0013850696,.00093598949,1021,48
DIVX,25,IND,rents_oil_gas,-.0048487999837241,-.0048235483,.0013961853,.0011772921,1021,48
DIVX,26,IRN,rents_oil_gas,-.0048487999837241,-.0048405663,.0014143945,.0012953229,1026,48
DIVX,27,IRQ,rents_oil_gas,-.0048487999837241,-.0049472395,.0013959727,.00090354262,1026,48
DIVX,28,ISR,rents_oil_gas,-.0048487999837241,-.0048755216,.0013957701,.0010512625,1021,48
DIVX,29,JAM,rents_oil_gas,-.0048487999837241,-.0050996076,.0013878202,.00060969579,1021,48
DIVX,30,JOR,rents_oil_gas,-.0048487999837241,-.0048260819,.0013851514,.0010794187,1021,48
DIVX,31,KWT,rents_oil_gas,-.0048487999837241,-.0055690915,.0014247167,.00029637598,1022,48
DIVX,32,LBR,rents_oil_gas,-.0048487999837241,-.0049627321,.0013790987,.00076714857,1023,48
DIVX,34,MNG,rents_oil_gas,-.0048487999837241,-.0047741062,.001377037,.0011358372,1023,48
DIVX,35,MRT,rents_oil_gas,-.0048487999837241,-.0048369151,.0013912977,.0011040085,1029,48
DIVX,36,NGA,rents_oil_gas,-.0048487999837241,-.0048472076,.0013968722,.001125466,1021,48
DIVX,37,NOR,rents_oil_gas,-.0048487999837241,-.0047640274,.0014012946,.0013842136,1021,48
DIVX,39,OMN,rents_oil_gas,-.0048487999837241,-.0042522568,.0013956615,.0037873506,1023,48
DIVX,40,PER,rents_oil_gas,-.0048487999837241,-.0048067579,.0014086732,.0013343099,1021,48
DIVX,42,QAT,rents_oil_gas,-.0048487999837241,-.0056437212,.0014222269,.00024619515,1021,48
DIVX,43,RUS,rents_oil_gas,-.0048487999837241,-.0048801303,.0013818386,.00093737216,1024,48
DIVX,44,SAU,rents_oil_gas,-.0048487999837241,-.0042527947,.0013315289,.0025063769,1025,48
DIVX,46,SUR,rents_oil_gas,-.0048487999837241,-.0049269977,.0014268932,.0011837378,1028,48
DIVX,47,SYC,rents_oil_gas,-.0048487999837241,-.0050322413,.0013978446,.00076376909,1024,48
DIVX,48,SYR,rents_oil_gas,-.0048487999837241,-.0048750211,.0013890216,.0010006592,1031,48
DIVX,49,TGO,rents_oil_gas,-.0048487999837241,-.0048213028,.0013870299,.0011058357,1021,48
DIVX,50,TTO,rents_oil_gas,-.0048487999837241,-.0049600713,.0014204172,.0010546595,1021,48
DIVX,52,VNM,rents_oil_gas,-.0048487999837241,-.0049380017,.001397661,.00093339547,1021,48
DIVX,54,ZAF,rents_oil_gas,-.0048487999837241,-.0048120683,.001404146,.0012776159,1021,48
DIVX,55,ZMB,rents_oil_gas,-.0048487999837241,-.0046836319,.0013978196,.0015973076,1021,48
ECI,1,AGO,c.rents_mining#c.inst,-.0021268324145991,-.0016794608,.0042808913,.69659847,1023,48
ECI,2,ALB,c.rents_mining#c.inst,-.0021268324145991,-.0021440268,.0043438068,.62389982,1021,48
ECI,3,ARE,c.rents_mining#c.inst,-.0021268324145991,-.0021067143,.0043209912,.6281327,1021,48
ECI,4,ATG,c.rents_mining#c.inst,-.0021268324145991,-.0024531041,.0042628595,.56772548,1023,48
ECI,5,AUS,c.rents_mining#c.inst,-.0021268324145991,-.001238418,.0047291005,.7945646,1024,48
ECI,6,BDI,c.rents_mining#c.inst,-.0021268324145991,-.0018748413,.0043304865,.66703862,1021,48
ECI,7,BHR,c.rents_mining#c.inst,-.0021268324145991,-.0020765318,.0041931607,.62275314,1027,48
ECI,8,BOL,c.rents_mining#c.inst,-.0021268324145991,-.0023017065,.0041850051,.58493131,1021,48
ECI,9,BRN,c.rents_mining#c.inst,-.0021268324145991,-.0016174932,.004366918,.71275079,1023,48
ECI,10,CAF,c.rents_mining#c.inst,-.0021268324145991,-.003209132,.0042731375,.45639572,1023,48
ECI,11,CHL,c.rents_mining#c.inst,-.0021268324145991,-.0060444763,.0064125247,.3507033,1021,48
ECI,12,CMR,c.rents_mining#c.inst,-.0021268324145991,-.0019045437,.0043611228,.66432184,1024,48
ECI,13,COD,c.rents_mining#c.inst,-.0021268324145991,.0017763523,.0040226532,.66081297,1026,48
ECI,14,COG,c.rents_mining#c.inst,-.0021268324145991,-.0019412778,.004281838,.65236515,1023,48
ECI,15,COL,c.rents_mining#c.inst,-.0021268324145991,-.0022108157,.0043999637,.6176886,1021,48
ECI,16,DZA,c.rents_mining#c.inst,-.0021268324145991,-.0018649586,.0041464833,.65494478,1021,48
ECI,17,ECU,c.rents_mining#c.inst,-.0021268324145991,-.0019227678,.0042173243,.65054625,1021,48
ECI,18,EGY,c.rents_mining#c.inst,-.0021268324145991,-.0019195138,.004276345,.65558988,1021,48
ECI,19,GAB,c.rents_mining#c.inst,-.0021268324145991,-.0019314708,.00426747,.65291679,1023,48
ECI,20,GHA,c.rents_mining#c.inst,-.0021268324145991,-.0027494293,.0042823623,.52396935,1021,48
ECI,21,GIN,c.rents_mining#c.inst,-.0021268324145991,-.00066624611,.00430464,.8776623,1021,48
ECI,22,GMB,c.rents_mining#c.inst,-.0021268324145991,-.0019396329,.0042978046,.65384328,1023,48
ECI,23,GUY,c.rents_mining#c.inst,-.0021268324145991,-.0029589266,.0041136537,.47552121,1021,48
ECI,24,IDN,c.rents_mining#c.inst,-.0021268324145991,-.0022259096,.0043213726,.6089021,1021,48
ECI,25,IND,c.rents_mining#c.inst,-.0021268324145991,-.0020227255,.0043370728,.64309782,1021,48
ECI,26,IRN,c.rents_mining#c.inst,-.0021268324145991,-.0020136242,.0043436796,.64509153,1026,48
ECI,27,IRQ,c.rents_mining#c.inst,-.0021268324145991,-.0024600206,.0043044914,.57038325,1026,48
ECI,28,ISR,c.rents_mining#c.inst,-.0021268324145991,-.0021386184,.0043126186,.62227756,1021,48
ECI,29,JAM,c.rents_mining#c.inst,-.0021268324145991,-.0021368815,.0042745676,.61947387,1021,48
ECI,30,JOR,c.rents_mining#c.inst,-.0021268324145991,-.0019862538,.0042628916,.64341033,1021,48
ECI,31,KWT,c.rents_mining#c.inst,-.0021268324145991,-.0022058189,.0043446645,.61403286,1022,48
ECI,32,LBR,c.rents_mining#c.inst,-.0021268324145991,-.0019284104,.0042141918,.64934891,1023,48
ECI,34,MNG,c.rents_mining#c.inst,-.0021268324145991,-.0023034387,.0041987365,.5858748,1023,48
ECI,35,MRT,c.rents_mining#c.inst,-.0021268324145991,-.0038226016,.0039460175,.33764175,1029,48
ECI,36,NGA,c.rents_mining#c.inst,-.0021268324145991,-.0022926726,.0041972608,.5874911,1021,48
ECI,37,NOR,c.rents_mining#c.inst,-.0021268324145991,-.0021138131,.0041607195,.6138013,1021,48
ECI,39,OMN,c.rents_mining#c.inst,-.0021268324145991,-.0021357236,.0043425998,.6251446,1023,48
ECI,40,PER,c.rents_mining#c.inst,-.0021268324145991,-.0020258683,.0041401414,.62688869,1021,48
ECI,42,QAT,c.rents_mining#c.inst,-.0021268324145991,-.0031349598,.0043801852,.47770882,1021,48
ECI,43,RUS,c.rents_mining#c.inst,-.0021268324145991,-.0021460857,.0043344577,.62282085,1024,48
ECI,44,SAU,c.rents_mining#c.inst,-.0021268324145991,-.0021961634,.0043271673,.61415708,1025,48
ECI,46,SUR,c.rents_mining#c.inst,-.0021268324145991,-.0035232063,.0046022963,.44778207,1028,48
ECI,47,SYC,c.rents_mining#c.inst,-.0021268324145991,-.001645069,.0042961584,.7035082,1024,48
ECI,48,SYR,c.rents_mining#c.inst,-.0021268324145991,-.0021821957,.0042997752,.61416763,1031,48
ECI,49,TGO,c.rents_mining#c.inst,-.0021268324145991,-.0021466876,.0043638796,.62506443,1021,48
ECI,50,TTO,c.rents_mining#c.inst,-.0021268324145991,-.0021539074,.0043050754,.61918581,1021,48
ECI,52,VNM,c.rents_mining#c.inst,-.0021268324145991,-.00072078622,.0038568841,.85255671,1021,48
ECI,54,ZAF,c.rents_mining#c.inst,-.0021268324145991,-.0019672029,.0042780195,.64775151,1021,48
ECI,55,ZMB,c.rents_mining#c.inst,-.0021268324145991,-.0021540914,.0044076717,.62731683,1021,48
ECI,1,AGO,c.rents_oil_gas#c.inst,-.0056538779833719,-.0064897784,.0038989394,.10266672,1023,48
ECI,2,ALB,c.rents_oil_gas#c.inst,-.0056538779833719,-.0058720927,.0039467607,.14347586,1021,48
ECI,3,ARE,c.rents_oil_gas#c.inst,-.0056538779833719,-.0061923028,.004133522,.14080195,1021,48
ECI,4,ATG,c.rents_oil_gas#c.inst,-.0056538779833719,-.0055311541,.004009237,.17423777,1023,48
ECI,5,AUS,c.rents_oil_gas#c.inst,-.0056538779833719,-.0053344783,.0039775437,.18631758,1024,48
ECI,6,BDI,c.rents_oil_gas#c.inst,-.0056538779833719,-.0056595774,.0039391215,.15740967,1021,48
ECI,7,BHR,c.rents_oil_gas#c.inst,-.0056538779833719,-.0057904758,.0039149327,.14579213,1027,48
ECI,8,BOL,c.rents_oil_gas#c.inst,-.0056538779833719,-.0056185429,.0040645129,.17340113,1021,48
ECI,9,BRN,c.rents_oil_gas#c.inst,-.0056538779833719,-.003131455,.0034032166,.36219543,1023,48
ECI,10,CAF,c.rents_oil_gas#c.inst,-.0056538779833719,-.0058114887,.0039311983,.14599849,1023,48
ECI,11,CHL,c.rents_oil_gas#c.inst,-.0056538779833719,-.0056862035,.0039297566,.15454501,1021,48
ECI,12,CMR,c.rents_oil_gas#c.inst,-.0056538779833719,-.0054489197,.0038850424,.16732572,1024,48
ECI,13,COD,c.rents_oil_gas#c.inst,-.0056538779833719,-.0057418924,.0039591659,.15362209,1026,48
ECI,14,COG,c.rents_oil_gas#c.inst,-.0056538779833719,-.0060758074,.0041902238,.1537005,1023,48
ECI,15,COL,c.rents_oil_gas#c.inst,-.0056538779833719,-.0057908008,.0039412826,.14842235,1021,48
ECI,16,DZA,c.rents_oil_gas#c.inst,-.0056538779833719,-.0046659061,.003943841,.24272476,1021,48
ECI,17,ECU,c.rents_oil_gas#c.inst,-.0056538779833719,-.0053859479,.0039367876,.17778397,1021,48
ECI,18,EGY,c.rents_oil_gas#c.inst,-.0056538779833719,-.0058279335,.0039406237,.14582868,1021,48
ECI,19,GAB,c.rents_oil_gas#c.inst,-.0056538779833719,-.0061414619,.0038566163,.11798815,1023,48
ECI,20,GHA,c.rents_oil_gas#c.inst,-.0056538779833719,-.0052695437,.0039066477,.18384343,1021,48
ECI,21,GIN,c.rents_oil_gas#c.inst,-.0056538779833719,-.0061353156,.0038370036,.11652546,1021,48
ECI,22,GMB,c.rents_oil_gas#c.inst,-.0056538779833719,-.0054049389,.0038947891,.17176187,1023,48
ECI,23,GUY,c.rents_oil_gas#c.inst,-.0056538779833719,-.0067753298,.0037883602,.08014863,1021,48
ECI,24,IDN,c.rents_oil_gas#c.inst,-.0056538779833719,-.0053448426,.0040531992,.19366828,1021,48
ECI,25,IND,c.rents_oil_gas#c.inst,-.0056538779833719,-.005344687,.0038948664,.17650311,1021,48
ECI,26,IRN,c.rents_oil_gas#c.inst,-.0056538779833719,-.0058093006,.004074154,.16050817,1026,48
ECI,27,IRQ,c.rents_oil_gas#c.inst,-.0056538779833719,-.002810736,.0035353866,.43059313,1026,48
ECI,28,ISR,c.rents_oil_gas#c.inst,-.0056538779833719,-.0056352639,.0039335019,.15858094,1021,48
ECI,29,JAM,c.rents_oil_gas#c.inst,-.0056538779833719,-.005670344,.0039101997,.15365998,1021,48
ECI,30,JOR,c.rents_oil_gas#c.inst,-.0056538779833719,-.0055962959,.0038932213,.157216,1021,48
ECI,31,KWT,c.rents_oil_gas#c.inst,-.0056538779833719,-.0056132562,.0045014522,.21858048,1022,48
ECI,32,LBR,c.rents_oil_gas#c.inst,-.0056538779833719,-.005830307,.0038952117,.1411342,1023,48
ECI,34,MNG,c.rents_oil_gas#c.inst,-.0056538779833719,-.0055920458,.003993941,.16804062,1023,48
ECI,35,MRT,c.rents_oil_gas#c.inst,-.0056538779833719,-.0058250283,.0038934313,.14130853,1029,48
ECI,36,NGA,c.rents_oil_gas#c.inst,-.0056538779833719,-.0061814599,.0038520552,.11525539,1021,48
ECI,37,NOR,c.rents_oil_gas#c.inst,-.0056538779833719,-.0065566748,.003990524,.1070447,1021,48
ECI,39,OMN,c.rents_oil_gas#c.inst,-.0056538779833719,-.0065916721,.004075232,.11246399,1023,48
ECI,40,PER,c.rents_oil_gas#c.inst,-.0056538779833719,-.0058514001,.003942051,.14439115,1021,48
ECI,42,QAT,c.rents_oil_gas#c.inst,-.0056538779833719,-.0071153049,.0040805102,.087744534,1021,48
ECI,43,RUS,c.rents_oil_gas#c.inst,-.0056538779833719,-.0052345106,.0038324457,.17848963,1024,48
ECI,44,SAU,c.rents_oil_gas#c.inst,-.0056538779833719,-.0055308412,.0040263748,.17606637,1025,48
ECI,46,SUR,c.rents_oil_gas#c.inst,-.0056538779833719,-.0057343501,.0039136028,.14951476,1028,48
ECI,47,SYC,c.rents_oil_gas#c.inst,-.0056538779833719,-.0034268727,.003569647,.34196645,1024,48
ECI,48,SYR,c.rents_oil_gas#c.inst,-.0056538779833719,-.0058349832,.0039060316,.14190136,1031,48
ECI,49,TGO,c.rents_oil_gas#c.inst,-.0056538779833719,-.0058290809,.003906847,.14237711,1021,48
ECI,50,TTO,c.rents_oil_gas#c.inst,-.0056538779833719,-.0058736433,.0039375359,.1424585,1021,48
ECI,52,VNM,c.rents_oil_gas#c.inst,-.0056538779833719,-.0060773273,.0037981947,.11628736,1021,48
ECI,54,ZAF,c.rents_oil_gas#c.inst,-.0056538779833719,-.0056074816,.0039069583,.15783621,1021,48
ECI,55,ZMB,c.rents_oil_gas#c.inst,-.0056538779833719,-.0057871374,.0039142738,.14595298,1021,48
ECI,1,AGO,rents_mining,-.0135974258260262,-.013043886,.003900792,.0016290154,1023,48
ECI,2,ALB,rents_mining,-.0135974258260262,-.013376726,.0040334426,.0017639801,1021,48
ECI,3,ARE,rents_mining,-.0135974258260262,-.013529882,.0039103189,.001159218,1021,48
ECI,4,ATG,rents_mining,-.0135974258260262,-.013931085,.0040769372,.0013156927,1023,48
ECI,5,AUS,rents_mining,-.0135974258260262,-.012936695,.0039437823,.0019580862,1024,48
ECI,6,BDI,rents_mining,-.0135974258260262,-.013424177,.0039461711,.001375764,1021,48
ECI,7,BHR,rents_mining,-.0135974258260262,-.013648457,.0039242879,.0010994577,1027,48
ECI,8,BOL,rents_mining,-.0135974258260262,-.01351606,.0039091017,.001167663,1021,48
ECI,9,BRN,rents_mining,-.0135974258260262,-.013458866,.0037305637,.00074620603,1023,48
ECI,10,CAF,rents_mining,-.0135974258260262,-.013977939,.004010621,.0010759836,1023,48
ECI,11,CHL,rents_mining,-.0135974258260262,-.016734937,.0053611118,.0030745112,1021,48
ECI,12,CMR,rents_mining,-.0135974258260262,-.013018182,.0039638272,.0019358397,1024,48
ECI,13,COD,rents_mining,-.0135974258260262,-.013103051,.003553147,.00058574881,1026,48
ECI,14,COG,rents_mining,-.0135974258260262,-.012485574,.0038178999,.0020152302,1023,48
ECI,15,COL,rents_mining,-.0135974258260262,-.01394137,.0040887743,.001344483,1021,48
ECI,16,DZA,rents_mining,-.0135974258260262,-.014141752,.0038764982,.00066063687,1021,48
ECI,17,ECU,rents_mining,-.0135974258260262,-.013285425,.0039190385,.0014243326,1021,48
ECI,18,EGY,rents_mining,-.0135974258260262,-.013438812,.0039227023,.0012818896,1021,48
ECI,19,GAB,rents_mining,-.0135974258260262,-.013586688,.0039440747,.0012124239,1023,48
ECI,20,GHA,rents_mining,-.0135974258260262,-.013773914,.0041494472,.0017487104,1021,48
ECI,21,GIN,rents_mining,-.0135974258260262,-.013827329,.0038525532,.00078913296,1021,48
ECI,22,GMB,rents_mining,-.0135974258260262,-.013772969,.0039425986,.0010503142,1023,48
ECI,23,GUY,rents_mining,-.0135974258260262,-.013453504,.0039681243,.0014225703,1021,48
ECI,24,IDN,rents_mining,-.0135974258260262,-.013484322,.0040163435,.0015665028,1021,48
ECI,25,IND,rents_mining,-.0135974258260262,-.013395205,.0039812839,.0015340789,1021,48
ECI,26,IRN,rents_mining,-.0135974258260262,-.013930164,.0038890373,.00080644886,1026,48
ECI,27,IRQ,rents_mining,-.0135974258260262,-.014278963,.003917634,.000667229,1026,48
ECI,28,ISR,rents_mining,-.0135974258260262,-.013683495,.0039659431,.0011932213,1021,48
ECI,29,JAM,rents_mining,-.0135974258260262,-.013242439,.0038437045,.00121102,1021,48
ECI,30,JOR,rents_mining,-.0135974258260262,-.013387511,.0039281235,.0013506121,1021,48
ECI,31,KWT,rents_mining,-.0135974258260262,-.013603298,.0039214599,.0011291539,1022,48
ECI,32,LBR,rents_mining,-.0135974258260262,-.01397283,.0039190822,.00084753527,1023,48
ECI,34,MNG,rents_mining,-.0135974258260262,-.012120062,.0049525499,.018187989,1023,48
ECI,35,MRT,rents_mining,-.0135974258260262,-.011957431,.0041725421,.0062044663,1029,48
ECI,36,NGA,rents_mining,-.0135974258260262,-.01372866,.0039023801,.00097613008,1021,48
ECI,37,NOR,rents_mining,-.0135974258260262,-.013587559,.0038797786,.0010233094,1021,48
ECI,39,OMN,rents_mining,-.0135974258260262,-.013763553,.0039185337,.00099252455,1023,48
ECI,40,PER,rents_mining,-.0135974258260262,-.013098282,.0038025819,.0012133509,1021,48
ECI,42,QAT,rents_mining,-.0135974258260262,-.014052249,.0040764571,.0012041002,1021,48
ECI,43,RUS,rents_mining,-.0135974258260262,-.013462018,.0039729383,.0014307692,1024,48
ECI,44,SAU,rents_mining,-.0135974258260262,-.013624948,.0039403527,.0011669326,1025,48
ECI,46,SUR,rents_mining,-.0135974258260262,-.016326876,.0038572571,.00010623939,1028,48
ECI,47,SYC,rents_mining,-.0135974258260262,-.013401183,.0038042276,.00096260413,1024,48
ECI,48,SYR,rents_mining,-.0135974258260262,-.013639091,.003921703,.001099769,1031,48
ECI,49,TGO,rents_mining,-.0135974258260262,-.013522731,.0038949915,.0011195492,1021,48
ECI,50,TTO,rents_mining,-.0135974258260262,-.013655271,.0038976858,.0010194179,1021,48
ECI,52,VNM,rents_mining,-.0135974258260262,-.01189707,.0035841207,.0017490871,1021,48
ECI,54,ZAF,rents_mining,-.0135974258260262,-.013531799,.0039456892,.001268362,1021,48
ECI,55,ZMB,rents_mining,-.0135974258260262,-.013849162,.0040039117,.0011631184,1021,48
ECI,1,AGO,rents_oil_gas,-.0072542005719523,-.0051434678,.0058181691,.38117707,1023,48
ECI,2,ALB,rents_oil_gas,-.0072542005719523,-.0072055976,.0057145571,.21356121,1021,48
ECI,3,ARE,rents_oil_gas,-.0072542005719523,-.0076894062,.0059240791,.20062408,1021,48
ECI,4,ATG,rents_oil_gas,-.0072542005719523,-.0083492678,.0056619234,.14697832,1023,48
ECI,5,AUS,rents_oil_gas,-.0072542005719523,-.0067080799,.0058842436,.26005971,1024,48
ECI,6,BDI,rents_oil_gas,-.0072542005719523,-.0069107106,.0058438354,.24292989,1021,48
ECI,7,BHR,rents_oil_gas,-.0072542005719523,-.0076609612,.0057775136,.19124939,1027,48
ECI,8,BOL,rents_oil_gas,-.0072542005719523,-.0072682886,.0059514451,.22807679,1021,48
ECI,9,BRN,rents_oil_gas,-.0072542005719523,-.0024618148,.0043752538,.57633525,1023,48
ECI,10,CAF,rents_oil_gas,-.0072542005719523,-.0074001178,.005884679,.21477704,1023,48
ECI,11,CHL,rents_oil_gas,-.0072542005719523,-.0072430205,.0058361175,.22073941,1021,48
ECI,12,CMR,rents_oil_gas,-.0072542005719523,-.006866755,.0057796882,.24076949,1024,48
ECI,13,COD,rents_oil_gas,-.0072542005719523,-.0073694633,.0058280085,.21228856,1026,48
ECI,14,COG,rents_oil_gas,-.0072542005719523,-.006328376,.0058115222,.28173429,1023,48
ECI,15,COL,rents_oil_gas,-.0072542005719523,-.00731115,.0057465793,.20953897,1021,48
ECI,16,DZA,rents_oil_gas,-.0072542005719523,-.0066784951,.0055923434,.23838383,1021,48
ECI,17,ECU,rents_oil_gas,-.0072542005719523,-.0072545256,.0057180477,.21079342,1021,48
ECI,18,EGY,rents_oil_gas,-.0072542005719523,-.007610755,.0057843975,.19464384,1021,48
ECI,19,GAB,rents_oil_gas,-.0072542005719523,-.0074399281,.0060161133,.22235489,1023,48
ECI,20,GHA,rents_oil_gas,-.0072542005719523,-.0066149668,.0057838182,.25853896,1021,48
ECI,21,GIN,rents_oil_gas,-.0072542005719523,-.0076709096,.0057919947,.19177508,1021,48
ECI,22,GMB,rents_oil_gas,-.0072542005719523,-.0071154968,.005689072,.21722353,1023,48
ECI,23,GUY,rents_oil_gas,-.0072542005719523,-.0081402976,.0057850424,.16596821,1021,48
ECI,24,IDN,rents_oil_gas,-.0072542005719523,-.0071659461,.0058481894,.22655705,1021,48
ECI,25,IND,rents_oil_gas,-.0072542005719523,-.0072318721,.0057082931,.21143101,1021,48
ECI,26,IRN,rents_oil_gas,-.0072542005719523,-.0078209983,.0058481912,.18754923,1026,48
ECI,27,IRQ,rents_oil_gas,-.0072542005719523,-.0092528993,.0054344661,.095242679,1026,48
ECI,28,ISR,rents_oil_gas,-.0072542005719523,-.007394942,.0057492894,.20466109,1021,48
ECI,29,JAM,rents_oil_gas,-.0072542005719523,-.0066603441,.0058233482,.25852719,1021,48
ECI,30,JOR,rents_oil_gas,-.0072542005719523,-.0071031973,.0056582214,.21554798,1021,48
ECI,31,KWT,rents_oil_gas,-.0072542005719523,-.0066009839,.0065021426,.31520766,1022,48
ECI,32,LBR,rents_oil_gas,-.0072542005719523,-.0069147293,.0057557165,.23562784,1023,48
ECI,34,MNG,rents_oil_gas,-.0072542005719523,-.0076868716,.0056785098,.1823135,1023,48
ECI,35,MRT,rents_oil_gas,-.0072542005719523,-.0075033917,.0057813865,.20067126,1029,48
ECI,36,NGA,rents_oil_gas,-.0072542005719523,-.0074493326,.0057642865,.20256245,1021,48
ECI,37,NOR,rents_oil_gas,-.0072542005719523,-.0076751704,.0058837999,.19842926,1021,48
ECI,39,OMN,rents_oil_gas,-.0072542005719523,-.008184717,.0058349632,.16727695,1023,48
ECI,40,PER,rents_oil_gas,-.0072542005719523,-.0071639451,.0058088074,.22360013,1021,48
ECI,42,QAT,rents_oil_gas,-.0072542005719523,-.0098875137,.0059983274,.10594477,1021,48
ECI,43,RUS,rents_oil_gas,-.0072542005719523,-.0069650034,.0056863851,.22673292,1024,48
ECI,44,SAU,rents_oil_gas,-.0072542005719523,-.0076978887,.006089705,.21243384,1025,48
ECI,46,SUR,rents_oil_gas,-.0072542005719523,-.0074828691,.0058810031,.20949723,1028,48
ECI,47,SYC,rents_oil_gas,-.0072542005719523,-.0054964782,.0058059534,.34863535,1024,48
ECI,48,SYR,rents_oil_gas,-.0072542005719523,-.0071565039,.0057674884,.22082466,1031,48
ECI,49,TGO,rents_oil_gas,-.0072542005719523,-.0073570255,.0057779304,.20917422,1021,48
ECI,50,TTO,rents_oil_gas,-.0072542005719523,-.0069647273,.0058815917,.2423051,1021,48
ECI,52,VNM,rents_oil_gas,-.0072542005719523,-.0088069178,.0053540966,.10666467,1021,48
ECI,54,ZAF,rents_oil_gas,-.0072542005719523,-.0073083108,.0057405108,.20923966,1021,48
ECI,55,ZMB,rents_oil_gas,-.0072542005719523,-.0074045616,.0057712016,.20577629,1021,48
