country_iso3_code,country,country_id,year,leverage,cooks_distance,standardized_residual,flag_leverage,flag_cooks,flag_residual,model,dependent_value,leverage_cutoff,cooks_cutoff
BDI,Burundi,BDI,1998,.1208674660969731,.0675799891268616,-6.539448929177835,0,1,1,DIVX,.237550896520383,.1666666666666667,.0038314176245211
ATG,Antigua and Barbuda,ATG,2003,.0795215376972846,.0261045378494827,-5.127221287183484,0,1,1,DIVX,.318748486389221,.1666666666666667,.0038314176245211
ATG,Antigua and Barbuda,ATG,2006,.0806081164555374,.0240589206865561,-4.886058277512168,0,1,1,DIVX,.315883879619409,.1666666666666667,.0038314176245211
SUR,Suriname,SUR,2018,.0974032669285236,.0239577355350097,-4.394835525541399,0,1,1,DIVX,.345738628747758,.1666666666666667,.0038314176245211
GMB,The Gambia,GMB,1996,.1244728648175917,.0220616532045088,-3.674312716031855,0,1,1,DIVX,.449002979601359,.1666666666666667,.0038314176245211
ATG,Antigua and Barbuda,ATG,2002,.0829964462746418,.0210969015500424,-4.503236182875202,0,1,1,DIVX,.382450256042501,.1666666666666667,.0038314176245211
SUR,Suriname,SUR,2019,.0976025724782144,.0200540668027805,-4.016327760613536,0,1,1,DIVX,.377487391766622,.1666666666666667,.0038314176245211
IRN,Iran,IRN,2016,.0960271731016666,.0176766328375427,3.804871664066713,0,1,1,DIVX,.915227745108491,.1666666666666667,.0038314176245211
LBR,Liberia,LBR,2004,.088663416320645,.0169566104941965,-3.894003343029731,0,1,1,DIVX,.421498438757196,.1666666666666667,.0038314176245211
LBR,Liberia,LBR,2005,.0838859833381669,.0168011145668648,-3.995385940370248,0,1,1,DIVX,.404038791515113,.1666666666666667,.0038314176245211
SYC,Seychelles,SYC,2017,.1135309248274226,.0167048568105893,-3.368648615488549,0,1,1,DIVX,.360059846869693,.1666666666666667,.0038314176245211
CAF,Central African Republic,CAF,2000,.1064304873020481,.0152669609722993,-3.339389444936556,0,1,1,DIVX,.499416970106045,.1666666666666667,.0038314176245211
ATG,Antigua and Barbuda,ATG,2014,.1059214229524619,.0139607271968227,3.201913445901496,0,1,1,DIVX,.8506434203637649,.1666666666666667,.0038314176245211
COG,Republic of the Congo,COG,1996,.1163797317369335,.0139245092757107,3.032799741148541,0,1,1,DIVX,.575844401388786,.1666666666666667,.0038314176245211
ATG,Antigua and Barbuda,ATG,2021,.112779257661356,.0136484949606621,3.056351051367679,0,1,1,DIVX,.919845415286601,.1666666666666667,.0038314176245211
BDI,Burundi,BDI,2000,.097390499057636,.0127456550927202,-3.205770011465503,0,1,1,DIVX,.488169015133907,.1666666666666667,.0038314176245211
ATG,Antigua and Barbuda,ATG,2004,.0877655089421587,.0126138224621089,-3.377336159832144,0,1,1,DIVX,.42006865146268,.1666666666666667,.0038314176245211
SUR,Suriname,SUR,2017,.0950155033633724,.0114126023188196,-3.07521370412186,0,1,1,DIVX,.395293742485273,.1666666666666667,.0038314176245211
ATG,Antigua and Barbuda,ATG,2009,.0775640337264862,.0108320058699943,3.347742073169484,0,1,1,DIVX,.958168827690615,.1666666666666667,.0038314176245211
IRN,Iran,IRN,2015,.0896096833419753,.0101714001813315,2.998377709298355,0,1,0,DIVX,.85750568866868,.1666666666666667,.0038314176245211
KWT,Kuwait,KWT,2005,.0857285204518892,.0098284491707895,3.019792110812951,0,1,1,DIVX,.5928204065454979,.1666666666666667,.0038314176245211
ATG,Antigua and Barbuda,ATG,2010,.0854916645040609,.0093093730612987,2.943416982636693,0,1,0,DIVX,.967013297892917,.1666666666666667,.0038314176245211
IRN,Iran,IRN,2013,.0895909666246206,.0089096597384915,2.806573069125908,0,1,0,DIVX,.774168156532334,.1666666666666667,.0038314176245211
SYC,Seychelles,SYC,2005,.0893681530758297,.0085063786089739,2.746072548007912,0,1,0,DIVX,.869797916524804,.1666666666666667,.0038314176245211
IRQ,Iraq,IRQ,2020,.1217509272488959,.0082590680122088,2.276658330634255,0,1,0,DIVX,.367514207874692,.1666666666666667,.0038314176245211
GIN,Guinea,GIN,1996,.093476436581776,.008241074129506,-2.636877844085047,0,1,0,DIVX,.514500224128272,.1666666666666667,.0038314176245211
LBR,Liberia,LBR,2007,.0723882747682714,.0081122029200501,-3.007308839466133,0,1,1,DIVX,.515019121470664,.1666666666666667,.0038314176245211
ATG,Antigua and Barbuda,ATG,2012,.0847157013014472,.008053987395257,2.751446990213361,0,1,0,DIVX,.962344198943676,.1666666666666667,.0038314176245211
SUR,Suriname,SUR,2016,.0960713525764225,.008016733138776,-2.561701145212683,0,1,0,DIVX,.470668578805959,.1666666666666667,.0038314176245211
COD,Democratic Republic of the Congo,COD,2020,.0919200259764859,.0078603464902838,-2.599186552854708,0,1,0,DIVX,.60964666294631,.1666666666666667,.0038314176245211
ATG,Antigua and Barbuda,ATG,2005,.0722750487530464,.0078310915940765,-2.957237467926649,0,1,0,DIVX,.435670167004369,.1666666666666667,.0038314176245211
GUY,Guyana,GUY,2019,.1214014608179301,.0077509242098494,-2.209121760299512,0,1,0,DIVX,.722744617010873,.1666666666666667,.0038314176245211
SYC,Seychelles,SYC,2006,.1148718814296679,.0075624969775125,2.251585457667492,0,1,0,DIVX,.832888614022723,.1666666666666667,.0038314176245211
IRN,Iran,IRN,2000,.1075451346568599,.007511933020243,-2.328805545901198,0,1,0,DIVX,.31740798088737,.1666666666666667,.0038314176245211
GUY,Guyana,GUY,2021,.2496711572137782,.007347842005449,-1.386057236174946,1,1,0,DIVX,.531261147633226,.1666666666666667,.0038314176245211
IRQ,Iraq,IRQ,2004,.1547503104548618,.0071020887977959,1.837085717724383,0,1,0,DIVX,.178724763993457,.1666666666666667,.0038314176245211
ATG,Antigua and Barbuda,ATG,2019,.0967825678027721,.0070322233557254,2.389480769367517,0,1,0,DIVX,.795640259995108,.1666666666666667,.0038314176245211
MNG,Mongolia,MNG,2015,.092548590227822,.0066492949465247,-2.381629555362202,0,1,0,DIVX,.692519080612065,.1666666666666667,.0038314176245211
IRN,Iran,IRN,1996,.1379649784005013,.0065440927089103,-1.886089834545334,0,1,0,DIVX,.299826959683757,.1666666666666667,.0038314176245211
SUR,Suriname,SUR,2010,.0946958157150535,.0064365103939306,2.313751604235272,0,1,0,DIVX,.76118752933774,.1666666666666667,.0038314176245211
BRN,Brunei,BRN,2020,.0970058327185113,.0062809025563823,2.255351321863347,0,1,0,DIVX,.795369389898993,.1666666666666667,.0038314176245211
BRN,Brunei,BRN,2021,.1040470155656728,.0062083374043059,2.156627200504381,0,1,0,DIVX,.823911237285603,.1666666666666667,.0038314176245211
AUS,Australia,AUS,2021,.1125757304211943,.0062078342943183,-2.06335021873404,0,1,0,DIVX,.80751988971906,.1666666666666667,.0038314176245211
GIN,Guinea,GIN,2020,.0882564536508017,.0061305543739584,-2.347321698376441,0,1,0,DIVX,.457853256047866,.1666666666666667,.0038314176245211
JAM,Jamaica,JAM,1996,.1048440459374236,.0061132896136557,2.130956468627852,0,1,0,DIVX,.769705974762011,.1666666666666667,.0038314176245211
SYC,Seychelles,SYC,2013,.092671883552625,.0056168445215059,-2.1873285268678,0,1,0,DIVX,.597104976222512,.1666666666666667,.0038314176245211
COG,Republic of the Congo,COG,2021,.1146771475775861,.0055249238725975,1.926349886954647,0,1,0,DIVX,.767229336051761,.1666666666666667,.0038314176245211
GMB,The Gambia,GMB,1998,.1235924759384455,.005516961362269,-1.84487365830855,0,1,0,DIVX,.578251566073782,.1666666666666667,.0038314176245211
GMB,The Gambia,GMB,2020,.0903397723637545,.0052532643538991,-2.145232469569841,0,1,0,DIVX,.622932956965318,.1666666666666667,.0038314176245211
SUR,Suriname,SUR,2013,.0875433981775418,.0052264158726096,2.176987908773395,0,1,0,DIVX,.766430207819896,.1666666666666667,.0038314176245211
COD,Democratic Republic of the Congo,COD,2002,.1189378739758631,.005211288297641,-1.83263238554051,0,1,0,DIVX,.518613451255083,.1666666666666667,.0038314176245211
IRN,Iran,IRN,2014,.088802894740585,.0051603528633643,2.146307436702551,0,1,0,DIVX,.725004613408133,.1666666666666667,.0038314176245211
GIN,Guinea,GIN,2013,.081518882909962,.0050316268781918,2.220853171389004,0,1,0,DIVX,.795282539016557,.1666666666666667,.0038314176245211
SYC,Seychelles,SYC,2004,.1014713470320663,.0049253364068107,1.947923191476756,0,1,0,DIVX,.850837732227234,.1666666666666667,.0038314176245211
JAM,Jamaica,JAM,2021,.0902234715475281,.0048727329344958,2.067538132640738,0,1,0,DIVX,.886497664320359,.1666666666666667,.0038314176245211
SUR,Suriname,SUR,2011,.097411607546718,.0048705967939897,1.981482460412356,0,1,0,DIVX,.712603344339647,.1666666666666667,.0038314176245211
SUR,Suriname,SUR,2014,.0848424217522457,.0047736340290347,2.116535701839109,0,1,0,DIVX,.785597159292149,.1666666666666667,.0038314176245211
ATG,Antigua and Barbuda,ATG,2008,.0796974841554769,.0047549787701754,2.185631373234708,0,1,0,DIVX,.861181164035421,.1666666666666667,.0038314176245211
QAT,Qatar,QAT,2021,.1220706599103867,.0047472894912421,-1.723481475012749,0,1,0,DIVX,.638339957979337,.1666666666666667,.0038314176245211
GIN,Guinea,GIN,2021,.0885838796548821,.0046941720145828,-2.049840788866245,0,1,0,DIVX,.529537524255453,.1666666666666667,.0038314176245211
SYC,Seychelles,SYC,2014,.0885032333144888,.0046832305910294,-2.048473711326293,0,1,0,DIVX,.601566998646373,.1666666666666667,.0038314176245211
COD,Democratic Republic of the Congo,COD,2019,.0932587558702709,.0045783780565977,-1.967942154097179,0,1,0,DIVX,.658831066231055,.1666666666666667,.0038314176245211
SYC,Seychelles,SYC,2012,.0819868948453646,.0045051330124993,-2.094911383195141,0,1,0,DIVX,.654431679317377,.1666666666666667,.0038314176245211
SUR,Suriname,SUR,2012,.0960779602591728,.0044724377810239,1.913310173250155,0,1,0,DIVX,.7364912551746839,.1666666666666667,.0038314176245211
JAM,Jamaica,JAM,2005,.0699401347219961,.0044604962976788,-2.271660557614688,0,1,0,DIVX,.553788822497091,.1666666666666667,.0038314176245211
LBR,Liberia,LBR,2006,.0768655199847501,.0044475537121948,-2.155693085568225,0,1,0,DIVX,.53352210944668,.1666666666666667,.0038314176245211
SUR,Suriname,SUR,2004,.1064615831994322,.0044115592774596,-1.79479908882167,0,1,0,DIVX,.630349356045706,.1666666666666667,.0038314176245211
GMB,The Gambia,GMB,2017,.0857052459681658,.0044094269596954,-2.022973128443122,0,1,0,DIVX,.723484751028608,.1666666666666667,.0038314176245211
ZMB,Zambia,ZMB,1996,.0906281527222657,.0042286468285936,-1.921319198279834,0,1,0,DIVX,.607435709104781,.1666666666666667,.0038314176245211
SYC,Seychelles,SYC,2007,.1034257283889266,.0041888003646239,1.777392321305629,0,1,0,DIVX,.832133520603641,.1666666666666667,.0038314176245211
LBR,Liberia,LBR,2012,.0865427278292206,.0041100634684644,1.942731219466992,0,1,0,DIVX,.8800033890196211,.1666666666666667,.0038314176245211
AGO,Angola,AGO,2000,.1680712736816083,.0039915659765881,1.31107518372985,1,1,0,DIVX,.209185116068919,.1666666666666667,.0038314176245211
COG,Republic of the Congo,COG,2006,.0933069837659106,.003855087408368,-1.805301741130768,0,1,0,DIVX,.226485906423585,.1666666666666667,.0038314176245211
KWT,Kuwait,KWT,2020,.1798288622154276,.002254954076012,-.9459126205102115,1,0,0,DIVX,.472894853743573,.1666666666666667,.0038314176245211
GUY,Guyana,GUY,2020,.2067155940786476,.0000364594661325,-.1103297457830623,1,0,0,DIVX,.722294521505139,.1666666666666667,.0038314176245211
IRQ,Iraq,IRQ,2004,.1577311041828526,.0575051481536458,5.198300832519744,0,1,1,ECI,-.33945358,.1685823754789272,.0038314176245211
COD,Democratic Republic of the Congo,COD,2011,.081613471519721,.0361481659524365,5.982962714417419,0,1,1,ECI,-.25823492,.1685823754789272,.0038314176245211
BRN,Brunei,BRN,2005,.0835338094134261,.0308708982643775,-5.459376547833359,0,1,1,ECI,-1.5974941,.1685823754789272,.0038314176245211
CAF,Central African Republic,CAF,2014,.0824094353023508,.0294794739848454,5.374489287006302,0,1,1,ECI,.8073048,.1685823754789272,.0038314176245211
AGO,Angola,AGO,2000,.1695655447126256,.0246936645180792,-3.26225558443925,1,1,1,ECI,-2.299502,.1685823754789272,.0038314176245211
BRN,Brunei,BRN,2000,.1049753050687485,.0222574400706209,-4.086512943567779,0,1,1,ECI,-1.3063198,.1685823754789272,.0038314176245211
CMR,Cameroon,CMR,1998,.092813651659287,.0195884946537608,-4.104726171707474,0,1,1,ECI,-2.2013767,.1685823754789272,.0038314176245211
IRQ,Iraq,IRQ,2009,.0892814790624588,.0176522886150963,3.980643110106092,0,1,1,ECI,-.559676,.1685823754789272,.0038314176245211
VNM,Vietnam,VNM,1996,.1276251452303763,.0169892108731019,-3.196769951877503,0,1,1,ECI,-.85668755,.1685823754789272,.0038314176245211
GUY,Guyana,GUY,2021,.2511774244596658,.0157019386265883,2.029631230624923,1,1,0,ECI,-1.1006831,.1685823754789272,.0038314176245211
MRT,Mauritania,MRT,2014,.0951676269695119,.0134729009129188,3.35746380159046,0,1,1,ECI,-1.0154322,.1685823754789272,.0038314176245211
BRN,Brunei,BRN,2002,.0963150411959868,.0134516738098968,-3.332659696578858,0,1,1,ECI,-.9969612,.1685823754789272,.0038314176245211
IRQ,Iraq,IRQ,2005,.1343110438165471,.0127824491683788,2.692609970899052,0,1,0,ECI,-.9537908,.1685823754789272,.0038314176245211
VNM,Vietnam,VNM,1998,.1163427639971202,.0127389645144876,-2.917968709110817,0,1,0,ECI,-.7686982,.1685823754789272,.0038314176245211
COG,Republic of the Congo,COG,2011,.0885342837232841,.0123784149029046,3.348792849481881,0,1,1,ECI,-.81586707,.1685823754789272,.0038314176245211
AGO,Angola,AGO,2014,.0883677116024995,.0123040300170962,-3.342166426048157,0,1,1,ECI,-2.1328814,.1685823754789272,.0038314176245211
IRQ,Iraq,IRQ,2014,.0822920373557743,.0112911316479289,-3.328767129547991,0,1,1,ECI,-2.472654,.1685823754789272,.0038314176245211
CAF,Central African Republic,CAF,1996,.1114090280906384,.0108684521999165,-2.761950821418729,0,1,0,ECI,-1.2465459,.1685823754789272,.0038314176245211
IRQ,Iraq,IRQ,2020,.1265075803490001,.0105808553737744,2.535554914021443,0,1,0,ECI,-.8932634,.1685823754789272,.0038314176245211
AGO,Angola,AGO,2015,.0991463750342474,.0105722624243896,2.907461673314684,0,1,0,ECI,-.5443719,.1685823754789272,.0038314176245211
GUY,Guyana,GUY,2019,.1258818717290726,.0100794664802254,2.481781690539027,0,1,0,ECI,-.41496766,.1685823754789272,.0038314176245211
SYC,Seychelles,SYC,2002,.1175466227212869,.0100203554953498,-2.572904743685541,0,1,0,ECI,-.649661,.1685823754789272,.0038314176245211
COG,Republic of the Congo,COG,2000,.1230390917658726,.0099997002186259,-2.504398213075223,0,1,0,ECI,-2.7341566,.1685823754789272,.0038314176245211
IRQ,Iraq,IRQ,2016,.0937508542007075,.0093548657271133,-2.820955943852142,0,1,0,ECI,-2.378709,.1685823754789272,.0038314176245211
LBR,Liberia,LBR,2002,.1087495990528184,.0092314264599171,2.580249960891388,0,1,0,ECI,-.3935448,.1685823754789272,.0038314176245211
AGO,Angola,AGO,2013,.0804306504518921,.0092068294386278,-3.043531760020157,0,1,1,ECI,-2.092156,.1685823754789272,.0038314176245211
BRN,Brunei,BRN,2018,.0861604341266879,.0091557120665874,2.923266695351099,0,1,0,ECI,.580272,.1685823754789272,.0038314176245211
ATG,Antigua and Barbuda,ATG,2006,.1035435003049754,.0089974164262282,-2.618203721289909,0,1,0,ECI,-.28271586,.1685823754789272,.0038314176245211
AGO,Angola,AGO,2009,.0773600630396247,.0087543323501675,3.031171914821363,0,1,1,ECI,-.49584088,.1685823754789272,.0038314176245211
BRN,Brunei,BRN,2015,.0785644240744716,.0084921133636945,2.960525117238854,0,1,0,ECI,.65631944,.1685823754789272,.0038314176245211
IRQ,Iraq,IRQ,2021,.1078031599516081,.0084784778046661,2.484934093354296,0,1,0,ECI,-1.0185448,.1685823754789272,.0038314176245211
GMB,The Gambia,GMB,2002,.081703021969262,.0083820093508285,2.8793066749132,0,1,0,ECI,-.11224862,.1685823754789272,.0038314176245211
GMB,The Gambia,GMB,2020,.0947141471778874,.0082993863314425,-2.642103138084631,0,1,0,ECI,-1.5266446,.1685823754789272,.0038314176245211
MNG,Mongolia,MNG,1996,.1376597200497232,.0081640791209314,2.121440393344955,0,1,0,ECI,-.40070465,.1685823754789272,.0038314176245211
GAB,Gabon,GAB,2006,.0740139769089536,.0078513097797655,-2.940070457587976,0,1,0,ECI,-1.7187247,.1685823754789272,.0038314176245211
GUY,Guyana,GUY,2020,.2067256843353356,.0078051905522143,1.623482339181995,1,1,0,ECI,-.82675105,.1685823754789272,.0038314176245211
AGO,Angola,AGO,2016,.079590920371329,.0071065315600378,2.689235677577723,0,1,0,ECI,-.5587154,.1685823754789272,.0038314176245211
BRN,Brunei,BRN,2019,.0818567512677566,.0069866155817724,2.626048426128623,0,1,0,ECI,.59415704,.1685823754789272,.0038314176245211
NGA,Nigeria,NGA,2004,.0695356621801135,.0068302352337337,-2.835993528336733,0,1,0,ECI,-2.9010394,.1685823754789272,.0038314176245211
COG,Republic of the Congo,COG,2006,.0963947750347787,.0067723013031362,-2.363589715985169,0,1,0,ECI,-2.6168566,.1685823754789272,.0038314176245211
DZA,Algeria,DZA,1998,.0865180777714665,.0067435351874653,2.503120158039606,0,1,0,ECI,-.20179704,.1685823754789272,.0038314176245211
QAT,Qatar,QAT,1996,.1377456624193361,.0067271239376081,1.925017927982192,0,1,0,ECI,.3328568,.1685823754789272,.0038314176245211
DZA,Algeria,DZA,2014,.074168396937023,.0066496482445345,-2.702696173425996,0,1,0,ECI,-1.5001138,.1685823754789272,.0038314176245211
SYC,Seychelles,SYC,2015,.0935857919412362,.0064967365834921,2.353137785296384,0,1,0,ECI,.7729941,.1685823754789272,.0038314176245211
MRT,Mauritania,MRT,2009,.0962812143834118,.0064391984155096,-2.30623264423765,0,1,0,ECI,-2.357995,.1685823754789272,.0038314176245211
NGA,Nigeria,NGA,1996,.123619584547515,.0060986125618546,1.950561060755907,0,1,0,ECI,-1.6133003,.1685823754789272,.0038314176245211
CAF,Central African Republic,CAF,1998,.1049965729305775,.0059788443836848,-2.117750281424037,0,1,0,ECI,-1.1081082,.1685823754789272,.0038314176245211
QAT,Qatar,QAT,2015,.0915736281238733,.0058670317098326,-2.263133690885943,0,1,0,ECI,-.1637791,.1685823754789272,.0038314176245211
NGA,Nigeria,NGA,2005,.0700865713505445,.0058020000092385,-2.602759563665337,0,1,0,ECI,-2.8068197,.1685823754789272,.0038314176245211
LBR,Liberia,LBR,2015,.0733857966117046,.0057629569578904,-2.530506714693629,0,1,0,ECI,-1.609395,.1685823754789272,.0038314176245211
IRQ,Iraq,IRQ,2015,.0885172286006233,.005715956616444,-2.275863056299369,0,1,0,ECI,-2.2593727,.1685823754789272,.0038314176245211
BDI,Burundi,BDI,2012,.0731050297494189,.0053826274844613,2.450643465491614,0,1,0,ECI,-.30153364,.1685823754789272,.0038314176245211
COD,Democratic Republic of the Congo,COD,2010,.0812955899147285,.0049084896187756,2.209376252295088,0,1,0,ECI,-1.3107023,.1685823754789272,.0038314176245211
ATG,Antigua and Barbuda,ATG,2009,.0883666331222539,.0048050279439562,2.088599872174156,0,1,0,ECI,1.2664955,.1685823754789272,.0038314176245211
VNM,Vietnam,VNM,2021,.1022560994210462,.0047854564337136,1.922802330437219,0,1,0,ECI,.5467062,.1685823754789272,.0038314176245211
BRN,Brunei,BRN,2016,.0873937930731294,.0045939876409708,2.054649098409032,0,1,0,ECI,.38633046,.1685823754789272,.0038314176245211
COG,Republic of the Congo,COG,2002,.1038722345572785,.0045594372502414,-1.860510764795724,0,1,0,ECI,-2.5105176,.1685823754789272,.0038314176245211
COD,Democratic Republic of the Congo,COD,2004,.0882189870702943,.0045294226190158,-2.029677311148766,0,1,0,ECI,-2.3014402,.1685823754789272,.0038314176245211
ZMB,Zambia,ZMB,1996,.0941359025496373,.0045129227158313,1.954898270855285,0,1,0,ECI,-.321706,.1685823754789272,.0038314176245211
DZA,Algeria,DZA,2000,.08448896440244,.0044491811363136,2.059743675725972,0,1,0,ECI,-.41647336,.1685823754789272,.0038314176245211
GAB,Gabon,GAB,2000,.0891575190714855,.0044408612516635,1.998101700949464,0,1,0,ECI,-.6451203,.1685823754789272,.0038314176245211
BRN,Brunei,BRN,2017,.086354115855265,.0044291775530202,2.03072124002244,0,1,0,ECI,.38860795,.1685823754789272,.0038314176245211
VNM,Vietnam,VNM,2020,.1061158921927703,.0043486660169141,1.795435287235635,0,1,0,ECI,.44940814,.1685823754789272,.0038314176245211
IRQ,Iraq,IRQ,2007,.0919555097954348,.0043236654929623,-1.938349403775204,0,1,0,ECI,-2.1347842,.1685823754789272,.0038314176245211
QAT,Qatar,QAT,2007,.077126331022134,.0041767515516683,2.097154607415811,0,1,0,ECI,.5862271,.1685823754789272,.0038314176245211
DZA,Algeria,DZA,2011,.0695985567549924,.0040089140909654,-2.171649746878006,0,1,0,ECI,-1.3837602,.1685823754789272,.0038314176245211
MRT,Mauritania,MRT,2018,.1198755703183867,.0039600504432388,1.599552098241937,0,1,0,ECI,-1.5081018,.1685823754789272,.0038314176245211
COG,Republic of the Congo,COG,2005,.0941473619082434,.0039492230405118,-1.828613266581204,0,1,0,ECI,-2.4046726,.1685823754789272,.0038314176245211
IDN,Indonesia,IDN,1996,.1334039541688092,.0038365322826834,-1.48093079752119,0,1,0,ECI,-.13506052,.1685823754789272,.0038314176245211
KWT,Kuwait,KWT,2020,.1805956842508269,.000301132239427,.3467491480528554,1,0,0,ECI,.3139577,.1685823754789272,.0038314176245211
