order,outcome,model,sample_variable,year,observations,countries,excluded_countries
391,divx,common_t0_t3,sample_common_t0_t3_divx,1996,0,0,55
392,divx,common_t0_t3,sample_common_t0_t3_divx,1997,0,0,55
393,divx,common_t0_t3,sample_common_t0_t3_divx,1998,0,0,55
394,divx,common_t0_t3,sample_common_t0_t3_divx,1999,0,0,55
395,divx,common_t0_t3,sample_common_t0_t3_divx,2000,0,0,55
396,divx,common_t0_t3,sample_common_t0_t3_divx,2001,0,0,55
397,divx,common_t0_t3,sample_common_t0_t3_divx,2002,0,0,55
398,divx,common_t0_t3,sample_common_t0_t3_divx,2003,0,0,55
399,divx,common_t0_t3,sample_common_t0_t3_divx,2004,52,52,3
400,divx,common_t0_t3,sample_common_t0_t3_divx,2005,52,52,3
401,divx,common_t0_t3,sample_common_t0_t3_divx,2006,52,52,3
402,divx,common_t0_t3,sample_common_t0_t3_divx,2007,53,53,2
403,divx,common_t0_t3,sample_common_t0_t3_divx,2008,53,53,2
404,divx,common_t0_t3,sample_common_t0_t3_divx,2009,53,53,2
405,divx,common_t0_t3,sample_common_t0_t3_divx,2010,53,53,2
406,divx,common_t0_t3,sample_common_t0_t3_divx,2011,53,53,2
407,divx,common_t0_t3,sample_common_t0_t3_divx,2012,52,52,3
408,divx,common_t0_t3,sample_common_t0_t3_divx,2013,52,52,3
409,divx,common_t0_t3,sample_common_t0_t3_divx,2014,52,52,3
410,divx,common_t0_t3,sample_common_t0_t3_divx,2015,51,51,4
411,divx,common_t0_t3,sample_common_t0_t3_divx,2016,52,52,3
412,divx,common_t0_t3,sample_common_t0_t3_divx,2017,51,51,4
413,divx,common_t0_t3,sample_common_t0_t3_divx,2018,51,51,4
414,divx,common_t0_t3,sample_common_t0_t3_divx,2019,51,51,4
415,divx,common_t0_t3,sample_common_t0_t3_divx,2020,51,51,4
416,divx,common_t0_t3,sample_common_t0_t3_divx,2021,49,49,6
209,divx,t0,sample_t0_divx,1996,51,51,4
210,divx,t0,sample_t0_divx,1997,0,0,55
211,divx,t0,sample_t0_divx,1998,51,51,4
212,divx,t0,sample_t0_divx,1999,0,0,55
213,divx,t0,sample_t0_divx,2000,53,53,2
214,divx,t0,sample_t0_divx,2001,0,0,55
215,divx,t0,sample_t0_divx,2002,53,53,2
216,divx,t0,sample_t0_divx,2003,52,52,3
217,divx,t0,sample_t0_divx,2004,52,52,3
218,divx,t0,sample_t0_divx,2005,53,53,2
219,divx,t0,sample_t0_divx,2006,53,53,2
220,divx,t0,sample_t0_divx,2007,53,53,2
221,divx,t0,sample_t0_divx,2008,53,53,2
222,divx,t0,sample_t0_divx,2009,53,53,2
223,divx,t0,sample_t0_divx,2010,53,53,2
224,divx,t0,sample_t0_divx,2011,53,53,2
225,divx,t0,sample_t0_divx,2012,52,52,3
226,divx,t0,sample_t0_divx,2013,52,52,3
227,divx,t0,sample_t0_divx,2014,53,53,2
228,divx,t0,sample_t0_divx,2015,52,52,3
229,divx,t0,sample_t0_divx,2016,52,52,3
230,divx,t0,sample_t0_divx,2017,51,51,4
231,divx,t0,sample_t0_divx,2018,51,51,4
232,divx,t0,sample_t0_divx,2019,51,51,4
233,divx,t0,sample_t0_divx,2020,51,51,4
234,divx,t0,sample_t0_divx,2021,49,49,6
235,divx,t1,sample_t1_divx,1996,0,0,55
236,divx,t1,sample_t1_divx,1997,51,51,4
237,divx,t1,sample_t1_divx,1998,0,0,55
238,divx,t1,sample_t1_divx,1999,51,51,4
239,divx,t1,sample_t1_divx,2000,0,0,55
240,divx,t1,sample_t1_divx,2001,53,53,2
241,divx,t1,sample_t1_divx,2002,0,0,55
242,divx,t1,sample_t1_divx,2003,53,53,2
243,divx,t1,sample_t1_divx,2004,52,52,3
244,divx,t1,sample_t1_divx,2005,52,52,3
245,divx,t1,sample_t1_divx,2006,53,53,2
246,divx,t1,sample_t1_divx,2007,53,53,2
247,divx,t1,sample_t1_divx,2008,53,53,2
248,divx,t1,sample_t1_divx,2009,53,53,2
249,divx,t1,sample_t1_divx,2010,53,53,2
250,divx,t1,sample_t1_divx,2011,53,53,2
251,divx,t1,sample_t1_divx,2012,53,53,2
252,divx,t1,sample_t1_divx,2013,52,52,3
253,divx,t1,sample_t1_divx,2014,52,52,3
254,divx,t1,sample_t1_divx,2015,53,53,2
255,divx,t1,sample_t1_divx,2016,52,52,3
256,divx,t1,sample_t1_divx,2017,52,52,3
257,divx,t1,sample_t1_divx,2018,51,51,4
258,divx,t1,sample_t1_divx,2019,51,51,4
259,divx,t1,sample_t1_divx,2020,51,51,4
260,divx,t1,sample_t1_divx,2021,51,51,4
261,divx,t2,sample_t2_divx,1996,0,0,55
262,divx,t2,sample_t2_divx,1997,0,0,55
263,divx,t2,sample_t2_divx,1998,0,0,55
264,divx,t2,sample_t2_divx,1999,0,0,55
265,divx,t2,sample_t2_divx,2000,0,0,55
266,divx,t2,sample_t2_divx,2001,0,0,55
267,divx,t2,sample_t2_divx,2002,0,0,55
268,divx,t2,sample_t2_divx,2003,0,0,55
269,divx,t2,sample_t2_divx,2004,52,52,3
270,divx,t2,sample_t2_divx,2005,52,52,3
271,divx,t2,sample_t2_divx,2006,52,52,3
272,divx,t2,sample_t2_divx,2007,53,53,2
273,divx,t2,sample_t2_divx,2008,53,53,2
274,divx,t2,sample_t2_divx,2009,53,53,2
275,divx,t2,sample_t2_divx,2010,53,53,2
276,divx,t2,sample_t2_divx,2011,53,53,2
277,divx,t2,sample_t2_divx,2012,52,52,3
278,divx,t2,sample_t2_divx,2013,52,52,3
279,divx,t2,sample_t2_divx,2014,52,52,3
280,divx,t2,sample_t2_divx,2015,51,51,4
281,divx,t2,sample_t2_divx,2016,52,52,3
282,divx,t2,sample_t2_divx,2017,51,51,4
283,divx,t2,sample_t2_divx,2018,51,51,4
284,divx,t2,sample_t2_divx,2019,51,51,4
285,divx,t2,sample_t2_divx,2020,51,51,4
286,divx,t2,sample_t2_divx,2021,49,49,6
287,divx,t3,sample_t3_divx,1996,0,0,55
288,divx,t3,sample_t3_divx,1997,0,0,55
289,divx,t3,sample_t3_divx,1998,51,51,4
290,divx,t3,sample_t3_divx,1999,0,0,55
291,divx,t3,sample_t3_divx,2000,51,51,4
292,divx,t3,sample_t3_divx,2001,0,0,55
293,divx,t3,sample_t3_divx,2002,53,53,2
294,divx,t3,sample_t3_divx,2003,52,52,3
295,divx,t3,sample_t3_divx,2004,52,52,3
296,divx,t3,sample_t3_divx,2005,52,52,3
297,divx,t3,sample_t3_divx,2006,52,52,3
298,divx,t3,sample_t3_divx,2007,53,53,2
299,divx,t3,sample_t3_divx,2008,53,53,2
300,divx,t3,sample_t3_divx,2009,53,53,2
301,divx,t3,sample_t3_divx,2010,53,53,2
302,divx,t3,sample_t3_divx,2011,53,53,2
303,divx,t3,sample_t3_divx,2012,52,52,3
304,divx,t3,sample_t3_divx,2013,52,52,3
305,divx,t3,sample_t3_divx,2014,52,52,3
306,divx,t3,sample_t3_divx,2015,51,51,4
307,divx,t3,sample_t3_divx,2016,52,52,3
308,divx,t3,sample_t3_divx,2017,51,51,4
309,divx,t3,sample_t3_divx,2018,51,51,4
310,divx,t3,sample_t3_divx,2019,51,51,4
311,divx,t3,sample_t3_divx,2020,51,51,4
312,divx,t3,sample_t3_divx,2021,49,49,6
313,divx,t3_expanded,sample_t3_expanded_divx,1996,0,0,55
314,divx,t3_expanded,sample_t3_expanded_divx,1997,0,0,55
315,divx,t3_expanded,sample_t3_expanded_divx,1998,0,0,55
316,divx,t3_expanded,sample_t3_expanded_divx,1999,0,0,55
317,divx,t3_expanded,sample_t3_expanded_divx,2000,0,0,55
318,divx,t3_expanded,sample_t3_expanded_divx,2001,0,0,55
319,divx,t3_expanded,sample_t3_expanded_divx,2002,0,0,55
320,divx,t3_expanded,sample_t3_expanded_divx,2003,0,0,55
321,divx,t3_expanded,sample_t3_expanded_divx,2004,52,52,3
322,divx,t3_expanded,sample_t3_expanded_divx,2005,52,52,3
323,divx,t3_expanded,sample_t3_expanded_divx,2006,52,52,3
324,divx,t3_expanded,sample_t3_expanded_divx,2007,53,53,2
325,divx,t3_expanded,sample_t3_expanded_divx,2008,53,53,2
326,divx,t3_expanded,sample_t3_expanded_divx,2009,53,53,2
327,divx,t3_expanded,sample_t3_expanded_divx,2010,53,53,2
328,divx,t3_expanded,sample_t3_expanded_divx,2011,53,53,2
329,divx,t3_expanded,sample_t3_expanded_divx,2012,52,52,3
330,divx,t3_expanded,sample_t3_expanded_divx,2013,52,52,3
331,divx,t3_expanded,sample_t3_expanded_divx,2014,52,52,3
332,divx,t3_expanded,sample_t3_expanded_divx,2015,51,51,4
333,divx,t3_expanded,sample_t3_expanded_divx,2016,52,52,3
334,divx,t3_expanded,sample_t3_expanded_divx,2017,51,51,4
335,divx,t3_expanded,sample_t3_expanded_divx,2018,51,51,4
336,divx,t3_expanded,sample_t3_expanded_divx,2019,51,51,4
337,divx,t3_expanded,sample_t3_expanded_divx,2020,51,51,4
338,divx,t3_expanded,sample_t3_expanded_divx,2021,49,49,6
339,divx,t4,sample_t4_divx,1996,51,51,4
340,divx,t4,sample_t4_divx,1997,0,0,55
341,divx,t4,sample_t4_divx,1998,51,51,4
342,divx,t4,sample_t4_divx,1999,0,0,55
343,divx,t4,sample_t4_divx,2000,53,53,2
344,divx,t4,sample_t4_divx,2001,0,0,55
345,divx,t4,sample_t4_divx,2002,52,52,3
346,divx,t4,sample_t4_divx,2003,52,52,3
347,divx,t4,sample_t4_divx,2004,52,52,3
348,divx,t4,sample_t4_divx,2005,53,53,2
349,divx,t4,sample_t4_divx,2006,53,53,2
350,divx,t4,sample_t4_divx,2007,53,53,2
351,divx,t4,sample_t4_divx,2008,53,53,2
352,divx,t4,sample_t4_divx,2009,53,53,2
353,divx,t4,sample_t4_divx,2010,53,53,2
354,divx,t4,sample_t4_divx,2011,52,52,3
355,divx,t4,sample_t4_divx,2012,52,52,3
356,divx,t4,sample_t4_divx,2013,52,52,3
357,divx,t4,sample_t4_divx,2014,52,52,3
358,divx,t4,sample_t4_divx,2015,52,52,3
359,divx,t4,sample_t4_divx,2016,51,51,4
360,divx,t4,sample_t4_divx,2017,51,51,4
361,divx,t4,sample_t4_divx,2018,51,51,4
362,divx,t4,sample_t4_divx,2019,51,51,4
363,divx,t4,sample_t4_divx,2020,49,49,6
364,divx,t4,sample_t4_divx,2021,0,0,55
365,divx,t5,sample_t5_divx,1996,0,0,55
366,divx,t5,sample_t5_divx,1997,0,0,55
367,divx,t5,sample_t5_divx,1998,0,0,55
368,divx,t5,sample_t5_divx,1999,0,0,55
369,divx,t5,sample_t5_divx,2000,0,0,55
370,divx,t5,sample_t5_divx,2001,0,0,55
371,divx,t5,sample_t5_divx,2002,0,0,55
372,divx,t5,sample_t5_divx,2003,52,52,3
373,divx,t5,sample_t5_divx,2004,52,52,3
374,divx,t5,sample_t5_divx,2005,52,52,3
375,divx,t5,sample_t5_divx,2006,53,53,2
376,divx,t5,sample_t5_divx,2007,53,53,2
377,divx,t5,sample_t5_divx,2008,53,53,2
378,divx,t5,sample_t5_divx,2009,53,53,2
379,divx,t5,sample_t5_divx,2010,53,53,2
380,divx,t5,sample_t5_divx,2011,53,53,2
381,divx,t5,sample_t5_divx,2012,52,52,3
382,divx,t5,sample_t5_divx,2013,52,52,3
383,divx,t5,sample_t5_divx,2014,52,52,3
384,divx,t5,sample_t5_divx,2015,52,52,3
385,divx,t5,sample_t5_divx,2016,52,52,3
386,divx,t5,sample_t5_divx,2017,51,51,4
387,divx,t5,sample_t5_divx,2018,51,51,4
388,divx,t5,sample_t5_divx,2019,51,51,4
389,divx,t5,sample_t5_divx,2020,51,51,4
390,divx,t5,sample_t5_divx,2021,49,49,6
183,eci,common_t0_t3,sample_common_t0_t3_eci,1996,0,0,55
184,eci,common_t0_t3,sample_common_t0_t3_eci,1997,0,0,55
185,eci,common_t0_t3,sample_common_t0_t3_eci,1998,0,0,55
186,eci,common_t0_t3,sample_common_t0_t3_eci,1999,0,0,55
187,eci,common_t0_t3,sample_common_t0_t3_eci,2000,0,0,55
188,eci,common_t0_t3,sample_common_t0_t3_eci,2001,0,0,55
189,eci,common_t0_t3,sample_common_t0_t3_eci,2002,0,0,55
190,eci,common_t0_t3,sample_common_t0_t3_eci,2003,0,0,55
191,eci,common_t0_t3,sample_common_t0_t3_eci,2004,52,52,3
192,eci,common_t0_t3,sample_common_t0_t3_eci,2005,52,52,3
193,eci,common_t0_t3,sample_common_t0_t3_eci,2006,52,52,3
194,eci,common_t0_t3,sample_common_t0_t3_eci,2007,53,53,2
195,eci,common_t0_t3,sample_common_t0_t3_eci,2008,53,53,2
196,eci,common_t0_t3,sample_common_t0_t3_eci,2009,53,53,2
197,eci,common_t0_t3,sample_common_t0_t3_eci,2010,53,53,2
198,eci,common_t0_t3,sample_common_t0_t3_eci,2011,53,53,2
199,eci,common_t0_t3,sample_common_t0_t3_eci,2012,52,52,3
200,eci,common_t0_t3,sample_common_t0_t3_eci,2013,52,52,3
201,eci,common_t0_t3,sample_common_t0_t3_eci,2014,52,52,3
202,eci,common_t0_t3,sample_common_t0_t3_eci,2015,51,51,4
203,eci,common_t0_t3,sample_common_t0_t3_eci,2016,52,52,3
204,eci,common_t0_t3,sample_common_t0_t3_eci,2017,51,51,4
205,eci,common_t0_t3,sample_common_t0_t3_eci,2018,51,51,4
206,eci,common_t0_t3,sample_common_t0_t3_eci,2019,51,51,4
207,eci,common_t0_t3,sample_common_t0_t3_eci,2020,51,51,4
208,eci,common_t0_t3,sample_common_t0_t3_eci,2021,49,49,6
1,eci,t0,sample_t0_eci,1996,51,51,4
2,eci,t0,sample_t0_eci,1997,0,0,55
3,eci,t0,sample_t0_eci,1998,51,51,4
4,eci,t0,sample_t0_eci,1999,0,0,55
5,eci,t0,sample_t0_eci,2000,53,53,2
6,eci,t0,sample_t0_eci,2001,0,0,55
7,eci,t0,sample_t0_eci,2002,53,53,2
8,eci,t0,sample_t0_eci,2003,52,52,3
9,eci,t0,sample_t0_eci,2004,52,52,3
10,eci,t0,sample_t0_eci,2005,53,53,2
11,eci,t0,sample_t0_eci,2006,53,53,2
12,eci,t0,sample_t0_eci,2007,53,53,2
13,eci,t0,sample_t0_eci,2008,53,53,2
14,eci,t0,sample_t0_eci,2009,53,53,2
15,eci,t0,sample_t0_eci,2010,53,53,2
16,eci,t0,sample_t0_eci,2011,53,53,2
17,eci,t0,sample_t0_eci,2012,52,52,3
18,eci,t0,sample_t0_eci,2013,52,52,3
19,eci,t0,sample_t0_eci,2014,53,53,2
20,eci,t0,sample_t0_eci,2015,52,52,3
21,eci,t0,sample_t0_eci,2016,52,52,3
22,eci,t0,sample_t0_eci,2017,51,51,4
23,eci,t0,sample_t0_eci,2018,51,51,4
24,eci,t0,sample_t0_eci,2019,51,51,4
25,eci,t0,sample_t0_eci,2020,51,51,4
26,eci,t0,sample_t0_eci,2021,49,49,6
27,eci,t1,sample_t1_eci,1996,0,0,55
28,eci,t1,sample_t1_eci,1997,51,51,4
29,eci,t1,sample_t1_eci,1998,0,0,55
30,eci,t1,sample_t1_eci,1999,51,51,4
31,eci,t1,sample_t1_eci,2000,0,0,55
32,eci,t1,sample_t1_eci,2001,53,53,2
33,eci,t1,sample_t1_eci,2002,0,0,55
34,eci,t1,sample_t1_eci,2003,53,53,2
35,eci,t1,sample_t1_eci,2004,52,52,3
36,eci,t1,sample_t1_eci,2005,52,52,3
37,eci,t1,sample_t1_eci,2006,53,53,2
38,eci,t1,sample_t1_eci,2007,53,53,2
39,eci,t1,sample_t1_eci,2008,53,53,2
40,eci,t1,sample_t1_eci,2009,53,53,2
41,eci,t1,sample_t1_eci,2010,53,53,2
42,eci,t1,sample_t1_eci,2011,53,53,2
43,eci,t1,sample_t1_eci,2012,53,53,2
44,eci,t1,sample_t1_eci,2013,52,52,3
45,eci,t1,sample_t1_eci,2014,52,52,3
46,eci,t1,sample_t1_eci,2015,53,53,2
47,eci,t1,sample_t1_eci,2016,52,52,3
48,eci,t1,sample_t1_eci,2017,52,52,3
49,eci,t1,sample_t1_eci,2018,51,51,4
50,eci,t1,sample_t1_eci,2019,51,51,4
51,eci,t1,sample_t1_eci,2020,51,51,4
52,eci,t1,sample_t1_eci,2021,51,51,4
53,eci,t2,sample_t2_eci,1996,0,0,55
54,eci,t2,sample_t2_eci,1997,0,0,55
55,eci,t2,sample_t2_eci,1998,0,0,55
56,eci,t2,sample_t2_eci,1999,0,0,55
57,eci,t2,sample_t2_eci,2000,0,0,55
58,eci,t2,sample_t2_eci,2001,0,0,55
59,eci,t2,sample_t2_eci,2002,0,0,55
60,eci,t2,sample_t2_eci,2003,0,0,55
61,eci,t2,sample_t2_eci,2004,52,52,3
62,eci,t2,sample_t2_eci,2005,52,52,3
63,eci,t2,sample_t2_eci,2006,52,52,3
64,eci,t2,sample_t2_eci,2007,53,53,2
65,eci,t2,sample_t2_eci,2008,53,53,2
66,eci,t2,sample_t2_eci,2009,53,53,2
67,eci,t2,sample_t2_eci,2010,53,53,2
68,eci,t2,sample_t2_eci,2011,53,53,2
69,eci,t2,sample_t2_eci,2012,52,52,3
70,eci,t2,sample_t2_eci,2013,52,52,3
71,eci,t2,sample_t2_eci,2014,52,52,3
72,eci,t2,sample_t2_eci,2015,51,51,4
73,eci,t2,sample_t2_eci,2016,52,52,3
74,eci,t2,sample_t2_eci,2017,51,51,4
75,eci,t2,sample_t2_eci,2018,51,51,4
76,eci,t2,sample_t2_eci,2019,51,51,4
77,eci,t2,sample_t2_eci,2020,51,51,4
78,eci,t2,sample_t2_eci,2021,49,49,6
79,eci,t3,sample_t3_eci,1996,0,0,55
80,eci,t3,sample_t3_eci,1997,0,0,55
81,eci,t3,sample_t3_eci,1998,51,51,4
82,eci,t3,sample_t3_eci,1999,0,0,55
83,eci,t3,sample_t3_eci,2000,51,51,4
84,eci,t3,sample_t3_eci,2001,0,0,55
85,eci,t3,sample_t3_eci,2002,53,53,2
86,eci,t3,sample_t3_eci,2003,52,52,3
87,eci,t3,sample_t3_eci,2004,52,52,3
88,eci,t3,sample_t3_eci,2005,52,52,3
89,eci,t3,sample_t3_eci,2006,52,52,3
90,eci,t3,sample_t3_eci,2007,53,53,2
91,eci,t3,sample_t3_eci,2008,53,53,2
92,eci,t3,sample_t3_eci,2009,53,53,2
93,eci,t3,sample_t3_eci,2010,53,53,2
94,eci,t3,sample_t3_eci,2011,53,53,2
95,eci,t3,sample_t3_eci,2012,52,52,3
96,eci,t3,sample_t3_eci,2013,52,52,3
97,eci,t3,sample_t3_eci,2014,52,52,3
98,eci,t3,sample_t3_eci,2015,51,51,4
99,eci,t3,sample_t3_eci,2016,52,52,3
100,eci,t3,sample_t3_eci,2017,51,51,4
101,eci,t3,sample_t3_eci,2018,51,51,4
102,eci,t3,sample_t3_eci,2019,51,51,4
103,eci,t3,sample_t3_eci,2020,51,51,4
104,eci,t3,sample_t3_eci,2021,49,49,6
105,eci,t3_expanded,sample_t3_expanded_eci,1996,0,0,55
106,eci,t3_expanded,sample_t3_expanded_eci,1997,0,0,55
107,eci,t3_expanded,sample_t3_expanded_eci,1998,0,0,55
108,eci,t3_expanded,sample_t3_expanded_eci,1999,0,0,55
109,eci,t3_expanded,sample_t3_expanded_eci,2000,0,0,55
110,eci,t3_expanded,sample_t3_expanded_eci,2001,0,0,55
111,eci,t3_expanded,sample_t3_expanded_eci,2002,0,0,55
112,eci,t3_expanded,sample_t3_expanded_eci,2003,0,0,55
113,eci,t3_expanded,sample_t3_expanded_eci,2004,52,52,3
114,eci,t3_expanded,sample_t3_expanded_eci,2005,52,52,3
115,eci,t3_expanded,sample_t3_expanded_eci,2006,52,52,3
116,eci,t3_expanded,sample_t3_expanded_eci,2007,53,53,2
117,eci,t3_expanded,sample_t3_expanded_eci,2008,53,53,2
118,eci,t3_expanded,sample_t3_expanded_eci,2009,53,53,2
119,eci,t3_expanded,sample_t3_expanded_eci,2010,53,53,2
120,eci,t3_expanded,sample_t3_expanded_eci,2011,53,53,2
121,eci,t3_expanded,sample_t3_expanded_eci,2012,52,52,3
122,eci,t3_expanded,sample_t3_expanded_eci,2013,52,52,3
123,eci,t3_expanded,sample_t3_expanded_eci,2014,52,52,3
124,eci,t3_expanded,sample_t3_expanded_eci,2015,51,51,4
125,eci,t3_expanded,sample_t3_expanded_eci,2016,52,52,3
126,eci,t3_expanded,sample_t3_expanded_eci,2017,51,51,4
127,eci,t3_expanded,sample_t3_expanded_eci,2018,51,51,4
128,eci,t3_expanded,sample_t3_expanded_eci,2019,51,51,4
129,eci,t3_expanded,sample_t3_expanded_eci,2020,51,51,4
130,eci,t3_expanded,sample_t3_expanded_eci,2021,49,49,6
131,eci,t4,sample_t4_eci,1996,51,51,4
132,eci,t4,sample_t4_eci,1997,0,0,55
133,eci,t4,sample_t4_eci,1998,51,51,4
134,eci,t4,sample_t4_eci,1999,0,0,55
135,eci,t4,sample_t4_eci,2000,53,53,2
136,eci,t4,sample_t4_eci,2001,0,0,55
137,eci,t4,sample_t4_eci,2002,52,52,3
138,eci,t4,sample_t4_eci,2003,52,52,3
139,eci,t4,sample_t4_eci,2004,52,52,3
140,eci,t4,sample_t4_eci,2005,53,53,2
141,eci,t4,sample_t4_eci,2006,53,53,2
142,eci,t4,sample_t4_eci,2007,53,53,2
143,eci,t4,sample_t4_eci,2008,53,53,2
144,eci,t4,sample_t4_eci,2009,53,53,2
145,eci,t4,sample_t4_eci,2010,53,53,2
146,eci,t4,sample_t4_eci,2011,52,52,3
147,eci,t4,sample_t4_eci,2012,52,52,3
148,eci,t4,sample_t4_eci,2013,52,52,3
149,eci,t4,sample_t4_eci,2014,52,52,3
150,eci,t4,sample_t4_eci,2015,52,52,3
151,eci,t4,sample_t4_eci,2016,51,51,4
152,eci,t4,sample_t4_eci,2017,51,51,4
153,eci,t4,sample_t4_eci,2018,51,51,4
154,eci,t4,sample_t4_eci,2019,51,51,4
155,eci,t4,sample_t4_eci,2020,49,49,6
156,eci,t4,sample_t4_eci,2021,0,0,55
157,eci,t5,sample_t5_eci,1996,0,0,55
158,eci,t5,sample_t5_eci,1997,0,0,55
159,eci,t5,sample_t5_eci,1998,0,0,55
160,eci,t5,sample_t5_eci,1999,0,0,55
161,eci,t5,sample_t5_eci,2000,0,0,55
162,eci,t5,sample_t5_eci,2001,0,0,55
163,eci,t5,sample_t5_eci,2002,0,0,55
164,eci,t5,sample_t5_eci,2003,52,52,3
165,eci,t5,sample_t5_eci,2004,52,52,3
166,eci,t5,sample_t5_eci,2005,52,52,3
167,eci,t5,sample_t5_eci,2006,53,53,2
168,eci,t5,sample_t5_eci,2007,53,53,2
169,eci,t5,sample_t5_eci,2008,53,53,2
170,eci,t5,sample_t5_eci,2009,53,53,2
171,eci,t5,sample_t5_eci,2010,53,53,2
172,eci,t5,sample_t5_eci,2011,53,53,2
173,eci,t5,sample_t5_eci,2012,52,52,3
174,eci,t5,sample_t5_eci,2013,52,52,3
175,eci,t5,sample_t5_eci,2014,52,52,3
176,eci,t5,sample_t5_eci,2015,52,52,3
177,eci,t5,sample_t5_eci,2016,52,52,3
178,eci,t5,sample_t5_eci,2017,51,51,4
179,eci,t5,sample_t5_eci,2018,51,51,4
180,eci,t5,sample_t5_eci,2019,51,51,4
181,eci,t5,sample_t5_eci,2020,51,51,4
182,eci,t5,sample_t5_eci,2021,49,49,6
